insert  into b_form ( ID,TIMESTAMP_X,NAME,SID,BUTTON,C_SORT,FIRST_SITE_ID,IMAGE_ID,DESCRIPTION,DESCRIPTION_TYPE,SHOW_TEMPLATE,MAIL_EVENT_TYPE,SHOW_RESULT_TEMPLATE,PRINT_RESULT_TEMPLATE,EDIT_RESULT_TEMPLATE,FILTER_RESULT_TEMPLATE,TABLE_RESULT_TEMPLATE,STAT_EVENT1,STAT_EVENT2,STAT_EVENT3) values (4, '2003-10-03 12:18:45', 'Анкета посетителя сайта', 'ANKETA', 'Сохранить', 300, 'ru', 0, 0xD2E5F1F2EEE2E0FF20F4EEF0ECE02E20CFF0E5E4EDE0E7EDE0F7E5EDE020E4EBFF20F1E1EEF0E020E820F5F0E0EDE5EDE8FF20E4E0EDEDFBF520EFEEF1E5F2E8F2E5EBE5E920F1E0E9F2E02E, 'text', 'default.php', 'FORM_FILLING_ANKETA', 'default.php', 'default.php', 'default.php', null, null, 'form', 'anketa', '') ;

insert  into b_form_2_site ( FORM_ID,SITE_ID) values (4, 'ru') ;

insert  into b_form_answer ( ID,FIELD_ID,TIMESTAMP_X,MESSAGE,C_SORT,ACTIVE,VALUE,FIELD_TYPE,FIELD_WIDTH,FIELD_HEIGHT,FIELD_PARAM) values (586, 140, '2003-08-28 11:45:57', 0x20, 100, 'Y', '', 'text', 50, 0, null) ;
insert  into b_form_answer ( ID,FIELD_ID,TIMESTAMP_X,MESSAGE,C_SORT,ACTIVE,VALUE,FIELD_TYPE,FIELD_WIDTH,FIELD_HEIGHT,FIELD_PARAM) values (587, 141, '2003-09-16 17:27:16', 0x20, 100, 'Y', '', 'date', 10, 0, null) ;
insert  into b_form_answer ( ID,FIELD_ID,TIMESTAMP_X,MESSAGE,C_SORT,ACTIVE,VALUE,FIELD_TYPE,FIELD_WIDTH,FIELD_HEIGHT,FIELD_PARAM) values (588, 142, '2003-08-25 16:46:52', 0x20, 100, 'Y', '', 'textarea', 30, 10, null) ;
insert  into b_form_answer ( ID,FIELD_ID,TIMESTAMP_X,MESSAGE,C_SORT,ACTIVE,VALUE,FIELD_TYPE,FIELD_WIDTH,FIELD_HEIGHT,FIELD_PARAM) values (589, 143, '2004-11-11 18:13:21', 0xE4E0, 100, 'Y', '', 'radio', 0, 0, 0x53454C454354454420636C6173733D22696E707574726164696F22) ;
insert  into b_form_answer ( ID,FIELD_ID,TIMESTAMP_X,MESSAGE,C_SORT,ACTIVE,VALUE,FIELD_TYPE,FIELD_WIDTH,FIELD_HEIGHT,FIELD_PARAM) values (590, 143, '2004-11-11 18:13:21', 0xEDE5F2, 200, 'Y', '', 'radio', 0, 0, null) ;
insert  into b_form_answer ( ID,FIELD_ID,TIMESTAMP_X,MESSAGE,C_SORT,ACTIVE,VALUE,FIELD_TYPE,FIELD_WIDTH,FIELD_HEIGHT,FIELD_PARAM) values (591, 144, '2004-11-11 18:11:21', 0xECE0F2E5ECE0F2E8EAE0, 100, 'Y', '1', 'checkbox', 0, 0, null) ;
insert  into b_form_answer ( ID,FIELD_ID,TIMESTAMP_X,MESSAGE,C_SORT,ACTIVE,VALUE,FIELD_TYPE,FIELD_WIDTH,FIELD_HEIGHT,FIELD_PARAM) values (592, 144, '2004-11-11 18:11:21', 0xF4E8E7E8EAE0, 200, 'Y', '2', 'checkbox', 0, 0, null) ;
insert  into b_form_answer ( ID,FIELD_ID,TIMESTAMP_X,MESSAGE,C_SORT,ACTIVE,VALUE,FIELD_TYPE,FIELD_WIDTH,FIELD_HEIGHT,FIELD_PARAM) values (593, 144, '2004-11-11 18:11:21', 0xE8F1F2EEF0E8FF, 300, 'Y', '3', 'checkbox', 0, 0, null) ;
insert  into b_form_answer ( ID,FIELD_ID,TIMESTAMP_X,MESSAGE,C_SORT,ACTIVE,VALUE,FIELD_TYPE,FIELD_WIDTH,FIELD_HEIGHT,FIELD_PARAM) values (594, 144, '2004-11-11 18:11:21', 0xE8EDEEF1F2F0E0EDEDFBE520FFE7FBEAE8, 400, 'Y', '4', 'checkbox', 0, 0, null) ;
insert  into b_form_answer ( ID,FIELD_ID,TIMESTAMP_X,MESSAGE,C_SORT,ACTIVE,VALUE,FIELD_TYPE,FIELD_WIDTH,FIELD_HEIGHT,FIELD_PARAM) values (595, 144, '2004-11-11 18:11:21', 0xEFF0EEE3F0E0ECE8F0EEE2E0EDE8E5, 500, 'Y', '5', 'checkbox', 0, 0, 0x53454C454354454420636C6173733D696E707574636865636B626F78) ;
insert  into b_form_answer ( ID,FIELD_ID,TIMESTAMP_X,MESSAGE,C_SORT,ACTIVE,VALUE,FIELD_TYPE,FIELD_WIDTH,FIELD_HEIGHT,FIELD_PARAM) values (596, 145, '2004-11-11 18:12:21', 0x31302D3139, 100, 'Y', '10', 'dropdown', 0, 0, null) ;
insert  into b_form_answer ( ID,FIELD_ID,TIMESTAMP_X,MESSAGE,C_SORT,ACTIVE,VALUE,FIELD_TYPE,FIELD_WIDTH,FIELD_HEIGHT,FIELD_PARAM) values (597, 145, '2004-11-11 18:12:21', 0x32302D3239, 200, 'Y', '20', 'dropdown', 0, 0, 0x53454C4543544544) ;
insert  into b_form_answer ( ID,FIELD_ID,TIMESTAMP_X,MESSAGE,C_SORT,ACTIVE,VALUE,FIELD_TYPE,FIELD_WIDTH,FIELD_HEIGHT,FIELD_PARAM) values (598, 145, '2004-11-11 18:12:21', 0x33302D3339, 300, 'Y', '30', 'dropdown', 0, 0, null) ;
insert  into b_form_answer ( ID,FIELD_ID,TIMESTAMP_X,MESSAGE,C_SORT,ACTIVE,VALUE,FIELD_TYPE,FIELD_WIDTH,FIELD_HEIGHT,FIELD_PARAM) values (599, 145, '2004-11-11 18:12:21', 0x34302D3439, 400, 'Y', '40', 'dropdown', 0, 0, null) ;
insert  into b_form_answer ( ID,FIELD_ID,TIMESTAMP_X,MESSAGE,C_SORT,ACTIVE,VALUE,FIELD_TYPE,FIELD_WIDTH,FIELD_HEIGHT,FIELD_PARAM) values (600, 145, '2004-11-11 18:12:21', 0x35302D3539, 500, 'Y', '50', 'dropdown', 0, 0, null) ;
insert  into b_form_answer ( ID,FIELD_ID,TIMESTAMP_X,MESSAGE,C_SORT,ACTIVE,VALUE,FIELD_TYPE,FIELD_WIDTH,FIELD_HEIGHT,FIELD_PARAM) values (601, 145, '2004-11-11 18:12:21', 0x363020E820F1F2E0F0F8E5, 600, 'Y', '60', 'dropdown', 0, 0, null) ;
insert  into b_form_answer ( ID,FIELD_ID,TIMESTAMP_X,MESSAGE,C_SORT,ACTIVE,VALUE,FIELD_TYPE,FIELD_WIDTH,FIELD_HEIGHT,FIELD_PARAM) values (602, 146, '2003-09-12 15:55:02', 0xEDE0F7E0EBFCEDEEE5, 100, 'Y', '1', 'multiselect', 0, 0, null) ;
insert  into b_form_answer ( ID,FIELD_ID,TIMESTAMP_X,MESSAGE,C_SORT,ACTIVE,VALUE,FIELD_TYPE,FIELD_WIDTH,FIELD_HEIGHT,FIELD_PARAM) values (603, 146, '2003-09-12 15:55:02', 0xF1F0E5E4EDE52DF1EFE5F6E8E0EBFCEDEEE5, 200, 'Y', '2', 'multiselect', 0, 0, null) ;
insert  into b_form_answer ( ID,FIELD_ID,TIMESTAMP_X,MESSAGE,C_SORT,ACTIVE,VALUE,FIELD_TYPE,FIELD_WIDTH,FIELD_HEIGHT,FIELD_PARAM) values (604, 146, '2003-09-12 15:55:02', 0xE2FBF1F8E5E5, 300, 'Y', '3', 'multiselect', 0, 0, 0x53454C4543544544) ;
insert  into b_form_answer ( ID,FIELD_ID,TIMESTAMP_X,MESSAGE,C_SORT,ACTIVE,VALUE,FIELD_TYPE,FIELD_WIDTH,FIELD_HEIGHT,FIELD_PARAM) values (605, 146, '2003-09-12 15:55:02', 0xFFF1EBE820F120EEF2EBE8F7E8E5EC, 400, 'Y', '0', 'multiselect', 0, 0, null) ;
insert  into b_form_answer ( ID,FIELD_ID,TIMESTAMP_X,MESSAGE,C_SORT,ACTIVE,VALUE,FIELD_TYPE,FIELD_WIDTH,FIELD_HEIGHT,FIELD_PARAM) values (606, 147, '2003-08-28 16:49:55', 0x20, 100, 'Y', '', 'text', 10, 0, null) ;
insert  into b_form_answer ( ID,FIELD_ID,TIMESTAMP_X,MESSAGE,C_SORT,ACTIVE,VALUE,FIELD_TYPE,FIELD_WIDTH,FIELD_HEIGHT,FIELD_PARAM) values (607, 148, '2003-08-25 17:42:19', 0x20, 100, 'Y', '', 'image', 30, 0, null) ;
insert  into b_form_answer ( ID,FIELD_ID,TIMESTAMP_X,MESSAGE,C_SORT,ACTIVE,VALUE,FIELD_TYPE,FIELD_WIDTH,FIELD_HEIGHT,FIELD_PARAM) values (608, 145, '2004-11-11 18:12:21', 0x2D, 50, 'Y', '', 'dropdown', 0, 0, 0x4E4F545F414E5357455220636C6173733D22696E70757473656C65637422) ;

insert  into b_form_field ( ID,FORM_ID,TIMESTAMP_X,ACTIVE,TITLE,TITLE_TYPE,SID,C_SORT,ADDITIONAL,REQUIRED,IN_FILTER,IN_RESULTS_TABLE,IN_EXCEL_TABLE,FIELD_TYPE,IMAGE_ID,COMMENTS,FILTER_TITLE,RESULTS_TABLE_TITLE) values (141, 4, '2003-09-16 17:27:16', 'Y', 0xC4E0F2E020F0EEE6E4E5EDE8FF, 'text', 'VS_BIRTHDAY', 200, 'N', 'Y', 'Y', 'Y', 'Y', '', null, null, null, null) ;
insert  into b_form_field ( ID,FORM_ID,TIMESTAMP_X,ACTIVE,TITLE,TITLE_TYPE,SID,C_SORT,ADDITIONAL,REQUIRED,IN_FILTER,IN_RESULTS_TABLE,IN_EXCEL_TABLE,FIELD_TYPE,IMAGE_ID,COMMENTS,FILTER_TITLE,RESULTS_TABLE_TITLE) values (140, 4, '2003-08-28 11:45:57', 'Y', 0x3C666F6E7420636C6173733D2274657874223E3C623ED4E0ECE8EBE8FF2C20E8ECFF2C20EEF2F7E5F1F2E2EE3C2F623E3C2F666F6E743E, 'html', 'VS_NAME', 100, 'N', 'Y', 'Y', 'Y', 'Y', '', null, null, null, null) ;
insert  into b_form_field ( ID,FORM_ID,TIMESTAMP_X,ACTIVE,TITLE,TITLE_TYPE,SID,C_SORT,ADDITIONAL,REQUIRED,IN_FILTER,IN_RESULTS_TABLE,IN_EXCEL_TABLE,FIELD_TYPE,IMAGE_ID,COMMENTS,FILTER_TITLE,RESULTS_TABLE_TITLE) values (142, 4, '2003-08-25 16:46:52', 'Y', 0xC0E4F0E5F1, 'text', 'VS_ADDRESS', 300, 'N', 'Y', 'Y', 'Y', 'Y', '', null, null, null, null) ;
insert  into b_form_field ( ID,FORM_ID,TIMESTAMP_X,ACTIVE,TITLE,TITLE_TYPE,SID,C_SORT,ADDITIONAL,REQUIRED,IN_FILTER,IN_RESULTS_TABLE,IN_EXCEL_TABLE,FIELD_TYPE,IMAGE_ID,COMMENTS,FILTER_TITLE,RESULTS_TABLE_TITLE) values (144, 4, '2004-11-11 18:11:21', 'Y', 0xCAE0EAE8E520EEE1EBE0F1F2E820E7EDE0EDE8E920E2E0F120E8EDF2E5F0E5F1F3FEF2203F, 'text', 'VS_INTEREST', 500, 'N', 'N', 'Y', 'Y', 'Y', '', null, null, null, null) ;
insert  into b_form_field ( ID,FORM_ID,TIMESTAMP_X,ACTIVE,TITLE,TITLE_TYPE,SID,C_SORT,ADDITIONAL,REQUIRED,IN_FILTER,IN_RESULTS_TABLE,IN_EXCEL_TABLE,FIELD_TYPE,IMAGE_ID,COMMENTS,FILTER_TITLE,RESULTS_TABLE_TITLE) values (145, 4, '2004-11-11 18:12:21', 'Y', 0xC2E0F820E2EEE7F0E0F1F2, 'text', 'VS_AGE', 600, 'N', 'Y', 'Y', 'Y', 'Y', '', null, null, null, null) ;
insert  into b_form_field ( ID,FORM_ID,TIMESTAMP_X,ACTIVE,TITLE,TITLE_TYPE,SID,C_SORT,ADDITIONAL,REQUIRED,IN_FILTER,IN_RESULTS_TABLE,IN_EXCEL_TABLE,FIELD_TYPE,IMAGE_ID,COMMENTS,FILTER_TITLE,RESULTS_TABLE_TITLE) values (146, 4, '2003-09-16 15:52:48', 'Y', 0xC2E0F8E520EEE1F0E0E7EEE2E0EDE8E5, 'text', 'VS_EDUCATION', 700, 'N', 'N', 'Y', 'Y', 'Y', '', null, null, null, null) ;
insert  into b_form_field ( ID,FORM_ID,TIMESTAMP_X,ACTIVE,TITLE,TITLE_TYPE,SID,C_SORT,ADDITIONAL,REQUIRED,IN_FILTER,IN_RESULTS_TABLE,IN_EXCEL_TABLE,FIELD_TYPE,IMAGE_ID,COMMENTS,FILTER_TITLE,RESULTS_TABLE_TITLE) values (147, 4, '2003-08-28 19:17:10', 'Y', 0xC3EEE4EEE2EEE920E4EEF5EEE420282429, 'text', 'VS_INCOME', 800, 'N', 'N', 'Y', 'Y', 'Y', '', null, null, null, null) ;
insert  into b_form_field ( ID,FORM_ID,TIMESTAMP_X,ACTIVE,TITLE,TITLE_TYPE,SID,C_SORT,ADDITIONAL,REQUIRED,IN_FILTER,IN_RESULTS_TABLE,IN_EXCEL_TABLE,FIELD_TYPE,IMAGE_ID,COMMENTS,FILTER_TITLE,RESULTS_TABLE_TITLE) values (148, 4, '2003-08-28 19:17:10', 'Y', 0xD4EEF2EEE3F0E0F4E8FF, 'text', 'VS_PHOTO', 900, 'N', 'N', 'N', 'Y', 'Y', 'N', null, null, null, null) ;
insert  into b_form_field ( ID,FORM_ID,TIMESTAMP_X,ACTIVE,TITLE,TITLE_TYPE,SID,C_SORT,ADDITIONAL,REQUIRED,IN_FILTER,IN_RESULTS_TABLE,IN_EXCEL_TABLE,FIELD_TYPE,IMAGE_ID,COMMENTS,FILTER_TITLE,RESULTS_TABLE_TITLE) values (143, 4, '2004-11-11 18:13:21', 'Y', 0xC2FB20E6E5EDE0F2FB202F20E7E0ECF3E6E5EC203F, 'text', 'VS_MARRIED', 400, 'N', 'Y', 'Y', 'Y', 'Y', '', null, null, null, null) ;

insert  into b_form_field_filter ( ID,FIELD_ID,PARAMETER_NAME,FILTER_TYPE) values (3, 142, 'USER', 'text') ;
insert  into b_form_field_filter ( ID,FIELD_ID,PARAMETER_NAME,FILTER_TYPE) values (98, 143, 'ANSWER_TEXT', 'dropdown') ;
insert  into b_form_field_filter ( ID,FIELD_ID,PARAMETER_NAME,FILTER_TYPE) values (95, 144, 'ANSWER_TEXT', 'dropdown') ;
insert  into b_form_field_filter ( ID,FIELD_ID,PARAMETER_NAME,FILTER_TYPE) values (94, 144, 'ANSWER_TEXT', 'text') ;
insert  into b_form_field_filter ( ID,FIELD_ID,PARAMETER_NAME,FILTER_TYPE) values (81, 146, 'ANSWER_TEXT', 'text') ;
insert  into b_form_field_filter ( ID,FIELD_ID,PARAMETER_NAME,FILTER_TYPE) values (97, 145, 'ANSWER_VALUE', 'integer') ;
insert  into b_form_field_filter ( ID,FIELD_ID,PARAMETER_NAME,FILTER_TYPE) values (54, 147, 'USER', 'integer') ;
insert  into b_form_field_filter ( ID,FIELD_ID,PARAMETER_NAME,FILTER_TYPE) values (89, 141, 'USER', 'date') ;
insert  into b_form_field_filter ( ID,FIELD_ID,PARAMETER_NAME,FILTER_TYPE) values (96, 145, 'ANSWER_TEXT', 'dropdown') ;
insert  into b_form_field_filter ( ID,FIELD_ID,PARAMETER_NAME,FILTER_TYPE) values (46, 140, 'USER', 'text') ;
insert  into b_form_field_filter ( ID,FIELD_ID,PARAMETER_NAME,FILTER_TYPE) values (82, 146, 'ANSWER_TEXT', 'dropdown') ;

insert  into b_form_menu ( ID,FORM_ID,LID,MENU) values (356, 4, 'en', 'Visitor questionnaire') ;
insert  into b_form_menu ( ID,FORM_ID,LID,MENU) values (355, 4, 'ru', 'Анкета посетителя') ;

insert  into b_form_result ( ID,TIMESTAMP_X,DATE_CREATE,STATUS_ID,FORM_ID,USER_ID,USER_AUTH,STAT_GUEST_ID,STAT_SESSION_ID) values (136, '2004-11-11 17:47:58', '2003-09-12 15:16:47', 1, 4, 2, 'Y', 32904, 40267) ;
insert  into b_form_result ( ID,TIMESTAMP_X,DATE_CREATE,STATUS_ID,FORM_ID,USER_ID,USER_AUTH,STAT_GUEST_ID,STAT_SESSION_ID) values (138, '2004-11-11 17:48:23', '2003-09-12 15:22:35', 1, 4, 2, 'Y', 32904, 40267) ;
insert  into b_form_result ( ID,TIMESTAMP_X,DATE_CREATE,STATUS_ID,FORM_ID,USER_ID,USER_AUTH,STAT_GUEST_ID,STAT_SESSION_ID) values (140, '2003-09-12 19:14:12', '2003-09-12 19:14:12', 1, 4, 2, 'Y', 32904, 40267) ;
insert  into b_form_result ( ID,TIMESTAMP_X,DATE_CREATE,STATUS_ID,FORM_ID,USER_ID,USER_AUTH,STAT_GUEST_ID,STAT_SESSION_ID) values (141, '2003-10-02 19:04:51', '2003-09-15 13:18:45', 4, 4, 28, 'Y', 32904, 40271) ;
insert  into b_form_result ( ID,TIMESTAMP_X,DATE_CREATE,STATUS_ID,FORM_ID,USER_ID,USER_AUTH,STAT_GUEST_ID,STAT_SESSION_ID) values (142, '2003-10-03 13:48:54', '2003-09-15 13:52:31', 4, 4, 28, 'Y', 32904, 40271) ;
insert  into b_form_result ( ID,TIMESTAMP_X,DATE_CREATE,STATUS_ID,FORM_ID,USER_ID,USER_AUTH,STAT_GUEST_ID,STAT_SESSION_ID) values (144, '2003-10-03 14:25:13', '2003-09-15 17:07:45', 7, 4, 28, 'Y', 32904, 40271) ;
insert  into b_form_result ( ID,TIMESTAMP_X,DATE_CREATE,STATUS_ID,FORM_ID,USER_ID,USER_AUTH,STAT_GUEST_ID,STAT_SESSION_ID) values (186, '2004-11-11 18:02:34', '2003-10-03 16:51:51', 4, 4, 116, 'N', 31975, 40442) ;
insert  into b_form_result ( ID,TIMESTAMP_X,DATE_CREATE,STATUS_ID,FORM_ID,USER_ID,USER_AUTH,STAT_GUEST_ID,STAT_SESSION_ID) values (185, '2004-11-11 17:47:14', '2003-10-02 18:52:11', 7, 4, 116, 'Y', 32948, 40437) ;

insert  into b_form_result_answer ( ID,RESULT_ID,FORM_ID,FIELD_ID,ANSWER_ID,ANSWER_TEXT,ANSWER_TEXT_SEARCH,ANSWER_VALUE,ANSWER_VALUE_SEARCH,USER_TEXT,USER_TEXT_SEARCH,USER_DATE,USER_FILE_ID,USER_FILE_NAME) values (5534, 136, 4, 147, 606, null, null, '', null, 0x323030, 0x323030, null, null, null) ;
insert  into b_form_result_answer ( ID,RESULT_ID,FORM_ID,FIELD_ID,ANSWER_ID,ANSWER_TEXT,ANSWER_TEXT_SEARCH,ANSWER_VALUE,ANSWER_VALUE_SEARCH,USER_TEXT,USER_TEXT_SEARCH,USER_DATE,USER_FILE_ID,USER_FILE_NAME) values (5542, 138, 4, 145, 599, 0x34302D3439, 0x34302D3439, '40', 0x3430, null, 0xC32E20CCCED1CAC2C020D3CB2E20CBC5CDC8CDC02032312D36, null, null, null) ;
insert  into b_form_result_answer ( ID,RESULT_ID,FORM_ID,FIELD_ID,ANSWER_ID,ANSWER_TEXT,ANSWER_TEXT_SEARCH,ANSWER_VALUE,ANSWER_VALUE_SEARCH,USER_TEXT,USER_TEXT_SEARCH,USER_DATE,USER_FILE_ID,USER_FILE_NAME) values (5531, 136, 4, 146, 602, 0xEDE0F7E0EBFCEDEEE5, 0xCDC0D7C0CBDCCDCEC520D1D0C5C4CDC52DD1CFC5D6C8C0CBDCCDCEC520C2DBD1D8C5C5, '1', 0x3120322033, null, 0xC32E20CAC0CBC8CDC8CDC3D0C0C420D3CB2E20C1C0D2C0CBDCCDC0DF2032362D34, null, null, null) ;
insert  into b_form_result_answer ( ID,RESULT_ID,FORM_ID,FIELD_ID,ANSWER_ID,ANSWER_TEXT,ANSWER_TEXT_SEARCH,ANSWER_VALUE,ANSWER_VALUE_SEARCH,USER_TEXT,USER_TEXT_SEARCH,USER_DATE,USER_FILE_ID,USER_FILE_NAME) values (5532, 136, 4, 146, 603, 0xF1F0E5E4EDE52DF1EFE5F6E8E0EBFCEDEEE5, 0xCDC0D7C0CBDCCDCEC520D1D0C5C4CDC52DD1CFC5D6C8C0CBDCCDCEC520C2DBD1D8C5C5, '2', 0x3120322033, null, 0xC32E20CAC0CBC8CDC8CDC3D0C0C420D3CB2E20C1C0D2C0CBDCCDC0DF2032362D34, null, null, null) ;
insert  into b_form_result_answer ( ID,RESULT_ID,FORM_ID,FIELD_ID,ANSWER_ID,ANSWER_TEXT,ANSWER_TEXT_SEARCH,ANSWER_VALUE,ANSWER_VALUE_SEARCH,USER_TEXT,USER_TEXT_SEARCH,USER_DATE,USER_FILE_ID,USER_FILE_NAME) values (5533, 136, 4, 146, 604, 0xE2FBF1F8E5E5, 0xCDC0D7C0CBDCCDCEC520D1D0C5C4CDC52DD1CFC5D6C8C0CBDCCDCEC520C2DBD1D8C5C5, '3', 0x3120322033, null, 0xC32E20CAC0CBC8CDC8CDC3D0C0C420D3CB2E20C1C0D2C0CBDCCDC0DF2032362D34, null, null, null) ;
insert  into b_form_result_answer ( ID,RESULT_ID,FORM_ID,FIELD_ID,ANSWER_ID,ANSWER_TEXT,ANSWER_TEXT_SEARCH,ANSWER_VALUE,ANSWER_VALUE_SEARCH,USER_TEXT,USER_TEXT_SEARCH,USER_DATE,USER_FILE_ID,USER_FILE_NAME) values (5429, 144, 4, 147, 606, null, null, '', null, 0x33303030, 0x33303030, null, null, null) ;
insert  into b_form_result_answer ( ID,RESULT_ID,FORM_ID,FIELD_ID,ANSWER_ID,ANSWER_TEXT,ANSWER_TEXT_SEARCH,ANSWER_VALUE,ANSWER_VALUE_SEARCH,USER_TEXT,USER_TEXT_SEARCH,USER_DATE,USER_FILE_ID,USER_FILE_NAME) values (5530, 136, 4, 145, 599, 0x34302D3439, 0x34302D3439, '40', 0x3430, null, 0xC32E20CAC0CBC8CDC8CDC3D0C0C420D3CB2E20C1C0D2C0CBDCCDC0DF2032362D34, null, null, null) ;
insert  into b_form_result_answer ( ID,RESULT_ID,FORM_ID,FIELD_ID,ANSWER_ID,ANSWER_TEXT,ANSWER_TEXT_SEARCH,ANSWER_VALUE,ANSWER_VALUE_SEARCH,USER_TEXT,USER_TEXT_SEARCH,USER_DATE,USER_FILE_ID,USER_FILE_NAME) values (5541, 138, 4, 144, 593, 0xE8F1F2EEF0E8FF, 0xCCC0D2C5CCC0D2C8CAC020D4C8C7C8CAC020C8D1D2CED0C8DF, '3', 0x3120322033, null, 0xC32E20CCCED1CAC2C020D3CB2E20CBC5CDC8CDC02032312D36, null, null, null) ;
insert  into b_form_result_answer ( ID,RESULT_ID,FORM_ID,FIELD_ID,ANSWER_ID,ANSWER_TEXT,ANSWER_TEXT_SEARCH,ANSWER_VALUE,ANSWER_VALUE_SEARCH,USER_TEXT,USER_TEXT_SEARCH,USER_DATE,USER_FILE_ID,USER_FILE_NAME) values (5540, 138, 4, 144, 592, 0xF4E8E7E8EAE0, 0xCCC0D2C5CCC0D2C8CAC020D4C8C7C8CAC020C8D1D2CED0C8DF, '2', 0x3120322033, null, 0xC32E20CCCED1CAC2C020D3CB2E20CBC5CDC8CDC02032312D36, null, null, null) ;
insert  into b_form_result_answer ( ID,RESULT_ID,FORM_ID,FIELD_ID,ANSWER_ID,ANSWER_TEXT,ANSWER_TEXT_SEARCH,ANSWER_VALUE,ANSWER_VALUE_SEARCH,USER_TEXT,USER_TEXT_SEARCH,USER_DATE,USER_FILE_ID,USER_FILE_NAME) values (5539, 138, 4, 144, 591, 0xECE0F2E5ECE0F2E8EAE0, 0xCCC0D2C5CCC0D2C8CAC020D4C8C7C8CAC020C8D1D2CED0C8DF, '1', 0x3120322033, null, 0xC32E20CCCED1CAC2C020D3CB2E20CBC5CDC8CDC02032312D36, null, null, null) ;
insert  into b_form_result_answer ( ID,RESULT_ID,FORM_ID,FIELD_ID,ANSWER_ID,ANSWER_TEXT,ANSWER_TEXT_SEARCH,ANSWER_VALUE,ANSWER_VALUE_SEARCH,USER_TEXT,USER_TEXT_SEARCH,USER_DATE,USER_FILE_ID,USER_FILE_NAME) values (5538, 138, 4, 143, 589, 0xE4E0, 0xC4C0, '', null, null, 0xC32E20CCCED1CAC2C020D3CB2E20CBC5CDC8CDC02032312D36, null, null, null) ;
insert  into b_form_result_answer ( ID,RESULT_ID,FORM_ID,FIELD_ID,ANSWER_ID,ANSWER_TEXT,ANSWER_TEXT_SEARCH,ANSWER_VALUE,ANSWER_VALUE_SEARCH,USER_TEXT,USER_TEXT_SEARCH,USER_DATE,USER_FILE_ID,USER_FILE_NAME) values (5537, 138, 4, 142, 588, null, null, '', null, 0xE32E20CCEEF1EAE2E020F3EB2E20CBE5EDE8EDE02032312D36, 0xC32E20CCCED1CAC2C020D3CB2E20CBC5CDC8CDC02032312D36, null, null, null) ;
insert  into b_form_result_answer ( ID,RESULT_ID,FORM_ID,FIELD_ID,ANSWER_ID,ANSWER_TEXT,ANSWER_TEXT_SEARCH,ANSWER_VALUE,ANSWER_VALUE_SEARCH,USER_TEXT,USER_TEXT_SEARCH,USER_DATE,USER_FILE_ID,USER_FILE_NAME) values (5536, 138, 4, 141, 587, null, null, '', null, 0x30312E30312E31393535, 0x30312E30312E31393535, '1955-01-01 00:00:00', null, null) ;
insert  into b_form_result_answer ( ID,RESULT_ID,FORM_ID,FIELD_ID,ANSWER_ID,ANSWER_TEXT,ANSWER_TEXT_SEARCH,ANSWER_VALUE,ANSWER_VALUE_SEARCH,USER_TEXT,USER_TEXT_SEARCH,USER_DATE,USER_FILE_ID,USER_FILE_NAME) values (2894, 140, 4, 140, 586, null, null, '', null, 0xC2E0EBFCFFEDEEE220C4ECE8F2F0E8E9, 0xC2C0CBDCDFCDCEC220C4CCC8D2D0C8C9, null, null, null) ;
insert  into b_form_result_answer ( ID,RESULT_ID,FORM_ID,FIELD_ID,ANSWER_ID,ANSWER_TEXT,ANSWER_TEXT_SEARCH,ANSWER_VALUE,ANSWER_VALUE_SEARCH,USER_TEXT,USER_TEXT_SEARCH,USER_DATE,USER_FILE_ID,USER_FILE_NAME) values (2895, 140, 4, 141, 587, 0x20, null, '', null, 0x31302E30332E31393932, 0x31302E30332E31393932, '1992-03-10 00:00:00', null, null) ;
insert  into b_form_result_answer ( ID,RESULT_ID,FORM_ID,FIELD_ID,ANSWER_ID,ANSWER_TEXT,ANSWER_TEXT_SEARCH,ANSWER_VALUE,ANSWER_VALUE_SEARCH,USER_TEXT,USER_TEXT_SEARCH,USER_DATE,USER_FILE_ID,USER_FILE_NAME) values (2896, 140, 4, 142, 588, null, null, '', null, 0xE32E20C1E0EBF2E8E9F1EA, 0xC32E20C1C0CBD2C8C9D1CA, null, null, null) ;
insert  into b_form_result_answer ( ID,RESULT_ID,FORM_ID,FIELD_ID,ANSWER_ID,ANSWER_TEXT,ANSWER_TEXT_SEARCH,ANSWER_VALUE,ANSWER_VALUE_SEARCH,USER_TEXT,USER_TEXT_SEARCH,USER_DATE,USER_FILE_ID,USER_FILE_NAME) values (2897, 140, 4, 143, 589, 0xE4E0, 0xC4C0, '', null, null, null, null, null, null) ;
insert  into b_form_result_answer ( ID,RESULT_ID,FORM_ID,FIELD_ID,ANSWER_ID,ANSWER_TEXT,ANSWER_TEXT_SEARCH,ANSWER_VALUE,ANSWER_VALUE_SEARCH,USER_TEXT,USER_TEXT_SEARCH,USER_DATE,USER_FILE_ID,USER_FILE_NAME) values (2898, 140, 4, 144, 593, 0xE8F1F2EEF0E8FF, 0xC8D1D2CED0C8DF20C8CDCED1D2D0C0CDCDDBC520DFC7DBCAC820CFD0CEC3D0C0CCC8D0CEC2C0CDC8C5, '3', 0x3320342035, null, null, null, null, null) ;
insert  into b_form_result_answer ( ID,RESULT_ID,FORM_ID,FIELD_ID,ANSWER_ID,ANSWER_TEXT,ANSWER_TEXT_SEARCH,ANSWER_VALUE,ANSWER_VALUE_SEARCH,USER_TEXT,USER_TEXT_SEARCH,USER_DATE,USER_FILE_ID,USER_FILE_NAME) values (2899, 140, 4, 144, 594, 0xE8EDEEF1F2F0E0EDEDFBE520FFE7FBEAE8, 0xC8D1D2CED0C8DF20C8CDCED1D2D0C0CDCDDBC520DFC7DBCAC820CFD0CEC3D0C0CCC8D0CEC2C0CDC8C5, '4', 0x3320342035, null, null, null, null, null) ;
insert  into b_form_result_answer ( ID,RESULT_ID,FORM_ID,FIELD_ID,ANSWER_ID,ANSWER_TEXT,ANSWER_TEXT_SEARCH,ANSWER_VALUE,ANSWER_VALUE_SEARCH,USER_TEXT,USER_TEXT_SEARCH,USER_DATE,USER_FILE_ID,USER_FILE_NAME) values (2900, 140, 4, 144, 595, 0xEFF0EEE3F0E0ECE8F0EEE2E0EDE8E5, 0xC8D1D2CED0C8DF20C8CDCED1D2D0C0CDCDDBC520DFC7DBCAC820CFD0CEC3D0C0CCC8D0CEC2C0CDC8C5, '5', 0x3320342035, null, null, null, null, null) ;
insert  into b_form_result_answer ( ID,RESULT_ID,FORM_ID,FIELD_ID,ANSWER_ID,ANSWER_TEXT,ANSWER_TEXT_SEARCH,ANSWER_VALUE,ANSWER_VALUE_SEARCH,USER_TEXT,USER_TEXT_SEARCH,USER_DATE,USER_FILE_ID,USER_FILE_NAME) values (2901, 140, 4, 145, 597, 0x32302D3239, 0x32302D3239, '20', 0x3230, null, null, null, null, null) ;
insert  into b_form_result_answer ( ID,RESULT_ID,FORM_ID,FIELD_ID,ANSWER_ID,ANSWER_TEXT,ANSWER_TEXT_SEARCH,ANSWER_VALUE,ANSWER_VALUE_SEARCH,USER_TEXT,USER_TEXT_SEARCH,USER_DATE,USER_FILE_ID,USER_FILE_NAME) values (2902, 140, 4, 146, 604, 0xE2FBF1F8E5E5, 0xC2DBD1D8C5C5, '3', 0x33, null, null, null, null, null) ;
insert  into b_form_result_answer ( ID,RESULT_ID,FORM_ID,FIELD_ID,ANSWER_ID,ANSWER_TEXT,ANSWER_TEXT_SEARCH,ANSWER_VALUE,ANSWER_VALUE_SEARCH,USER_TEXT,USER_TEXT_SEARCH,USER_DATE,USER_FILE_ID,USER_FILE_NAME) values (2903, 140, 4, 147, 606, null, null, '', null, null, null, null, null, null) ;
insert  into b_form_result_answer ( ID,RESULT_ID,FORM_ID,FIELD_ID,ANSWER_ID,ANSWER_TEXT,ANSWER_TEXT_SEARCH,ANSWER_VALUE,ANSWER_VALUE_SEARCH,USER_TEXT,USER_TEXT_SEARCH,USER_DATE,USER_FILE_ID,USER_FILE_NAME) values (5428, 144, 4, 146, 604, 0xE2FBF1F8E5E5, 0xC2DBD1D8C5C5, '3', 0x33, null, null, null, null, null) ;
insert  into b_form_result_answer ( ID,RESULT_ID,FORM_ID,FIELD_ID,ANSWER_ID,ANSWER_TEXT,ANSWER_TEXT_SEARCH,ANSWER_VALUE,ANSWER_VALUE_SEARCH,USER_TEXT,USER_TEXT_SEARCH,USER_DATE,USER_FILE_ID,USER_FILE_NAME) values (3003, 141, 4, 147, 606, null, null, '', null, 0x32333435, 0x32333435, null, null, null) ;
insert  into b_form_result_answer ( ID,RESULT_ID,FORM_ID,FIELD_ID,ANSWER_ID,ANSWER_TEXT,ANSWER_TEXT_SEARCH,ANSWER_VALUE,ANSWER_VALUE_SEARCH,USER_TEXT,USER_TEXT_SEARCH,USER_DATE,USER_FILE_ID,USER_FILE_NAME) values (3002, 141, 4, 146, 604, 0xE2FBF1F8E5E5, 0xD1D0C5C4CDC52DD1CFC5D6C8C0CBDCCDCEC520C2DBD1D8C5C5, '3', 0x322033, null, null, null, null, null) ;
insert  into b_form_result_answer ( ID,RESULT_ID,FORM_ID,FIELD_ID,ANSWER_ID,ANSWER_TEXT,ANSWER_TEXT_SEARCH,ANSWER_VALUE,ANSWER_VALUE_SEARCH,USER_TEXT,USER_TEXT_SEARCH,USER_DATE,USER_FILE_ID,USER_FILE_NAME) values (3001, 141, 4, 146, 603, 0xF1F0E5E4EDE52DF1EFE5F6E8E0EBFCEDEEE5, 0xD1D0C5C4CDC52DD1CFC5D6C8C0CBDCCDCEC520C2DBD1D8C5C5, '2', 0x322033, null, null, null, null, null) ;
insert  into b_form_result_answer ( ID,RESULT_ID,FORM_ID,FIELD_ID,ANSWER_ID,ANSWER_TEXT,ANSWER_TEXT_SEARCH,ANSWER_VALUE,ANSWER_VALUE_SEARCH,USER_TEXT,USER_TEXT_SEARCH,USER_DATE,USER_FILE_ID,USER_FILE_NAME) values (3000, 141, 4, 145, 597, 0x32302D3239, 0x32302D3239, '20', 0x3230, null, null, null, null, null) ;
insert  into b_form_result_answer ( ID,RESULT_ID,FORM_ID,FIELD_ID,ANSWER_ID,ANSWER_TEXT,ANSWER_TEXT_SEARCH,ANSWER_VALUE,ANSWER_VALUE_SEARCH,USER_TEXT,USER_TEXT_SEARCH,USER_DATE,USER_FILE_ID,USER_FILE_NAME) values (2998, 141, 4, 144, 593, 0xE8F1F2EEF0E8FF, 0xD4C8C7C8CAC020C8D1D2CED0C8DF20C8CDCED1D2D0C0CDCDDBC520DFC7DBCAC8, '3', 0x3220332034, null, null, null, null, null) ;
insert  into b_form_result_answer ( ID,RESULT_ID,FORM_ID,FIELD_ID,ANSWER_ID,ANSWER_TEXT,ANSWER_TEXT_SEARCH,ANSWER_VALUE,ANSWER_VALUE_SEARCH,USER_TEXT,USER_TEXT_SEARCH,USER_DATE,USER_FILE_ID,USER_FILE_NAME) values (2999, 141, 4, 144, 594, 0xE8EDEEF1F2F0E0EDEDFBE520FFE7FBEAE8, 0xD4C8C7C8CAC020C8D1D2CED0C8DF20C8CDCED1D2D0C0CDCDDBC520DFC7DBCAC8, '4', 0x3220332034, null, null, null, null, null) ;
insert  into b_form_result_answer ( ID,RESULT_ID,FORM_ID,FIELD_ID,ANSWER_ID,ANSWER_TEXT,ANSWER_TEXT_SEARCH,ANSWER_VALUE,ANSWER_VALUE_SEARCH,USER_TEXT,USER_TEXT_SEARCH,USER_DATE,USER_FILE_ID,USER_FILE_NAME) values (2997, 141, 4, 144, 592, 0xF4E8E7E8EAE0, 0xD4C8C7C8CAC020C8D1D2CED0C8DF20C8CDCED1D2D0C0CDCDDBC520DFC7DBCAC8, '2', 0x3220332034, null, null, null, null, null) ;
insert  into b_form_result_answer ( ID,RESULT_ID,FORM_ID,FIELD_ID,ANSWER_ID,ANSWER_TEXT,ANSWER_TEXT_SEARCH,ANSWER_VALUE,ANSWER_VALUE_SEARCH,USER_TEXT,USER_TEXT_SEARCH,USER_DATE,USER_FILE_ID,USER_FILE_NAME) values (2996, 141, 4, 143, 589, 0xE4E0, 0xC4C0, '', null, null, null, null, null, null) ;
insert  into b_form_result_answer ( ID,RESULT_ID,FORM_ID,FIELD_ID,ANSWER_ID,ANSWER_TEXT,ANSWER_TEXT_SEARCH,ANSWER_VALUE,ANSWER_VALUE_SEARCH,USER_TEXT,USER_TEXT_SEARCH,USER_DATE,USER_FILE_ID,USER_FILE_NAME) values (2995, 141, 4, 142, 588, null, null, '', null, 0xE32E20CCF3F0ECE0EDF1EA, 0xC32E20CCD3D0CCC0CDD1CA, null, null, null) ;
insert  into b_form_result_answer ( ID,RESULT_ID,FORM_ID,FIELD_ID,ANSWER_ID,ANSWER_TEXT,ANSWER_TEXT_SEARCH,ANSWER_VALUE,ANSWER_VALUE_SEARCH,USER_TEXT,USER_TEXT_SEARCH,USER_DATE,USER_FILE_ID,USER_FILE_NAME) values (2994, 141, 4, 141, 587, 0x20, null, '', null, 0x31302E30332E31393932, 0x31302E30332E31393932, '1992-03-10 00:00:00', null, null) ;
insert  into b_form_result_answer ( ID,RESULT_ID,FORM_ID,FIELD_ID,ANSWER_ID,ANSWER_TEXT,ANSWER_TEXT_SEARCH,ANSWER_VALUE,ANSWER_VALUE_SEARCH,USER_TEXT,USER_TEXT_SEARCH,USER_DATE,USER_FILE_ID,USER_FILE_NAME) values (2993, 141, 4, 140, 586, null, null, '', null, 0xC8E2E0EDEEE220C8E2E0ED20C8E2E0EDEEE2E8F7, 0xC8C2C0CDCEC220C8C2C0CD20C8C2C0CDCEC2C8D7, null, null, null) ;
insert  into b_form_result_answer ( ID,RESULT_ID,FORM_ID,FIELD_ID,ANSWER_ID,ANSWER_TEXT,ANSWER_TEXT_SEARCH,ANSWER_VALUE,ANSWER_VALUE_SEARCH,USER_TEXT,USER_TEXT_SEARCH,USER_DATE,USER_FILE_ID,USER_FILE_NAME) values (5544, 138, 4, 146, 605, 0xFFF1EBE820F120EEF2EBE8F7E8E5EC, 0xC2DBD1D8C5C520DFD1CBC820D120CED2CBC8D7C8C5CC, '0', 0x332030, null, 0xC32E20CCCED1CAC2C020D3CB2E20CBC5CDC8CDC02032312D36, null, null, null) ;
insert  into b_form_result_answer ( ID,RESULT_ID,FORM_ID,FIELD_ID,ANSWER_ID,ANSWER_TEXT,ANSWER_TEXT_SEARCH,ANSWER_VALUE,ANSWER_VALUE_SEARCH,USER_TEXT,USER_TEXT_SEARCH,USER_DATE,USER_FILE_ID,USER_FILE_NAME) values (5427, 144, 4, 145, 598, 0x33302D3339, 0x33302D3339, '30', 0x3330, null, null, null, null, null) ;
insert  into b_form_result_answer ( ID,RESULT_ID,FORM_ID,FIELD_ID,ANSWER_ID,ANSWER_TEXT,ANSWER_TEXT_SEARCH,ANSWER_VALUE,ANSWER_VALUE_SEARCH,USER_TEXT,USER_TEXT_SEARCH,USER_DATE,USER_FILE_ID,USER_FILE_NAME) values (3004, 141, 4, 148, 607, null, null, '', null, null, null, null, null, null) ;
insert  into b_form_result_answer ( ID,RESULT_ID,FORM_ID,FIELD_ID,ANSWER_ID,ANSWER_TEXT,ANSWER_TEXT_SEARCH,ANSWER_VALUE,ANSWER_VALUE_SEARCH,USER_TEXT,USER_TEXT_SEARCH,USER_DATE,USER_FILE_ID,USER_FILE_NAME) values (3028, 142, 4, 148, 607, null, null, '', null, null, null, null, null, null) ;
insert  into b_form_result_answer ( ID,RESULT_ID,FORM_ID,FIELD_ID,ANSWER_ID,ANSWER_TEXT,ANSWER_TEXT_SEARCH,ANSWER_VALUE,ANSWER_VALUE_SEARCH,USER_TEXT,USER_TEXT_SEARCH,USER_DATE,USER_FILE_ID,USER_FILE_NAME) values (3027, 142, 4, 147, 606, null, null, '', null, 0x33303030, 0x33303030, null, null, null) ;
insert  into b_form_result_answer ( ID,RESULT_ID,FORM_ID,FIELD_ID,ANSWER_ID,ANSWER_TEXT,ANSWER_TEXT_SEARCH,ANSWER_VALUE,ANSWER_VALUE_SEARCH,USER_TEXT,USER_TEXT_SEARCH,USER_DATE,USER_FILE_ID,USER_FILE_NAME) values (3025, 142, 4, 146, 603, 0xF1F0E5E4EDE52DF1EFE5F6E8E0EBFCEDEEE5, 0xD1D0C5C4CDC52DD1CFC5D6C8C0CBDCCDCEC520C2DBD1D8C5C5, '2', 0x322033, null, null, null, null, null) ;
insert  into b_form_result_answer ( ID,RESULT_ID,FORM_ID,FIELD_ID,ANSWER_ID,ANSWER_TEXT,ANSWER_TEXT_SEARCH,ANSWER_VALUE,ANSWER_VALUE_SEARCH,USER_TEXT,USER_TEXT_SEARCH,USER_DATE,USER_FILE_ID,USER_FILE_NAME) values (3026, 142, 4, 146, 604, 0xE2FBF1F8E5E5, 0xD1D0C5C4CDC52DD1CFC5D6C8C0CBDCCDCEC520C2DBD1D8C5C5, '3', 0x322033, null, null, null, null, null) ;
insert  into b_form_result_answer ( ID,RESULT_ID,FORM_ID,FIELD_ID,ANSWER_ID,ANSWER_TEXT,ANSWER_TEXT_SEARCH,ANSWER_VALUE,ANSWER_VALUE_SEARCH,USER_TEXT,USER_TEXT_SEARCH,USER_DATE,USER_FILE_ID,USER_FILE_NAME) values (3024, 142, 4, 145, 598, 0x33302D3339, 0x33302D3339, '30', 0x3330, null, null, null, null, null) ;
insert  into b_form_result_answer ( ID,RESULT_ID,FORM_ID,FIELD_ID,ANSWER_ID,ANSWER_TEXT,ANSWER_TEXT_SEARCH,ANSWER_VALUE,ANSWER_VALUE_SEARCH,USER_TEXT,USER_TEXT_SEARCH,USER_DATE,USER_FILE_ID,USER_FILE_NAME) values (3022, 142, 4, 144, 593, 0xE8F1F2EEF0E8FF, 0xC8D1D2CED0C8DF20C8CDCED1D2D0C0CDCDDBC520DFC7DBCAC8, '3', 0x332034, null, null, null, null, null) ;
insert  into b_form_result_answer ( ID,RESULT_ID,FORM_ID,FIELD_ID,ANSWER_ID,ANSWER_TEXT,ANSWER_TEXT_SEARCH,ANSWER_VALUE,ANSWER_VALUE_SEARCH,USER_TEXT,USER_TEXT_SEARCH,USER_DATE,USER_FILE_ID,USER_FILE_NAME) values (3023, 142, 4, 144, 594, 0xE8EDEEF1F2F0E0EDEDFBE520FFE7FBEAE8, 0xC8D1D2CED0C8DF20C8CDCED1D2D0C0CDCDDBC520DFC7DBCAC8, '4', 0x332034, null, null, null, null, null) ;
insert  into b_form_result_answer ( ID,RESULT_ID,FORM_ID,FIELD_ID,ANSWER_ID,ANSWER_TEXT,ANSWER_TEXT_SEARCH,ANSWER_VALUE,ANSWER_VALUE_SEARCH,USER_TEXT,USER_TEXT_SEARCH,USER_DATE,USER_FILE_ID,USER_FILE_NAME) values (5543, 138, 4, 146, 604, 0xE2FBF1F8E5E5, 0xC2DBD1D8C5C520DFD1CBC820D120CED2CBC8D7C8C5CC, '3', 0x332030, null, 0xC32E20CCCED1CAC2C020D3CB2E20CBC5CDC8CDC02032312D36, null, null, null) ;
insert  into b_form_result_answer ( ID,RESULT_ID,FORM_ID,FIELD_ID,ANSWER_ID,ANSWER_TEXT,ANSWER_TEXT_SEARCH,ANSWER_VALUE,ANSWER_VALUE_SEARCH,USER_TEXT,USER_TEXT_SEARCH,USER_DATE,USER_FILE_ID,USER_FILE_NAME) values (5535, 138, 4, 140, 586, null, null, '', null, 0xC2E0F1E8EBFCE5E220C4ECE8F2F0E8E920C0EDE0F2EEEBFCE5E2E8F7, 0xC2C0D1C8CBDCC5C220C4CCC8D2D0C8C920C0CDC0D2CECBDCC5C2C8D7, null, null, null) ;
insert  into b_form_result_answer ( ID,RESULT_ID,FORM_ID,FIELD_ID,ANSWER_ID,ANSWER_TEXT,ANSWER_TEXT_SEARCH,ANSWER_VALUE,ANSWER_VALUE_SEARCH,USER_TEXT,USER_TEXT_SEARCH,USER_DATE,USER_FILE_ID,USER_FILE_NAME) values (5425, 144, 4, 144, 592, 0xF4E8E7E8EAE0, 0xD4C8C7C8CAC020C8D1D2CED0C89F, '2', 0x322033, null, null, null, null, null) ;
insert  into b_form_result_answer ( ID,RESULT_ID,FORM_ID,FIELD_ID,ANSWER_ID,ANSWER_TEXT,ANSWER_TEXT_SEARCH,ANSWER_VALUE,ANSWER_VALUE_SEARCH,USER_TEXT,USER_TEXT_SEARCH,USER_DATE,USER_FILE_ID,USER_FILE_NAME) values (5426, 144, 4, 144, 593, 0xE8F1F2EEF0E8FF, 0xD4C8C7C8CAC020C8D1D2CED0C89F, '3', 0x322033, null, null, null, null, null) ;
insert  into b_form_result_answer ( ID,RESULT_ID,FORM_ID,FIELD_ID,ANSWER_ID,ANSWER_TEXT,ANSWER_TEXT_SEARCH,ANSWER_VALUE,ANSWER_VALUE_SEARCH,USER_TEXT,USER_TEXT_SEARCH,USER_DATE,USER_FILE_ID,USER_FILE_NAME) values (5424, 144, 4, 143, 589, 0xE4E0, 0xC4C0, '', null, null, null, null, null, null) ;
insert  into b_form_result_answer ( ID,RESULT_ID,FORM_ID,FIELD_ID,ANSWER_ID,ANSWER_TEXT,ANSWER_TEXT_SEARCH,ANSWER_VALUE,ANSWER_VALUE_SEARCH,USER_TEXT,USER_TEXT_SEARCH,USER_DATE,USER_FILE_ID,USER_FILE_NAME) values (5423, 144, 4, 142, 588, null, null, '', null, 0xE32E20C2EEEBE3EEE3F0E0E4, 0xC32E20C2CECBC3CEC3D0C0C4, null, null, null) ;
insert  into b_form_result_answer ( ID,RESULT_ID,FORM_ID,FIELD_ID,ANSWER_ID,ANSWER_TEXT,ANSWER_TEXT_SEARCH,ANSWER_VALUE,ANSWER_VALUE_SEARCH,USER_TEXT,USER_TEXT_SEARCH,USER_DATE,USER_FILE_ID,USER_FILE_NAME) values (3021, 142, 4, 143, 590, 0xEDE5F2, 0xCDC5D2, '', null, null, null, null, null, null) ;
insert  into b_form_result_answer ( ID,RESULT_ID,FORM_ID,FIELD_ID,ANSWER_ID,ANSWER_TEXT,ANSWER_TEXT_SEARCH,ANSWER_VALUE,ANSWER_VALUE_SEARCH,USER_TEXT,USER_TEXT_SEARCH,USER_DATE,USER_FILE_ID,USER_FILE_NAME) values (3019, 142, 4, 141, 587, 0x20, null, '', null, 0x30312E30312E31393737, 0x30312E30312E31393737, '1977-01-01 00:00:00', null, null) ;
insert  into b_form_result_answer ( ID,RESULT_ID,FORM_ID,FIELD_ID,ANSWER_ID,ANSWER_TEXT,ANSWER_TEXT_SEARCH,ANSWER_VALUE,ANSWER_VALUE_SEARCH,USER_TEXT,USER_TEXT_SEARCH,USER_DATE,USER_FILE_ID,USER_FILE_NAME) values (3020, 142, 4, 142, 588, null, null, '', null, 0xE32E20C2EBE0E4E8E2EEF1F2EEEA, 0xC32E20C2CBC0C4C8C2CED1D2CECA, null, null, null) ;
insert  into b_form_result_answer ( ID,RESULT_ID,FORM_ID,FIELD_ID,ANSWER_ID,ANSWER_TEXT,ANSWER_TEXT_SEARCH,ANSWER_VALUE,ANSWER_VALUE_SEARCH,USER_TEXT,USER_TEXT_SEARCH,USER_DATE,USER_FILE_ID,USER_FILE_NAME) values (3018, 142, 4, 140, 586, null, null, '', null, 0xD1E5F0E4FEEAEEE220C2E0F1E8EBE8E920C4ECE8F2F0E8E5E2E8F7, 0xD1C5D0C4DECACEC220C2C0D1C8CBC8C920C4CCC8D2D0C8C5C2C8D7, null, null, null) ;
insert  into b_form_result_answer ( ID,RESULT_ID,FORM_ID,FIELD_ID,ANSWER_ID,ANSWER_TEXT,ANSWER_TEXT_SEARCH,ANSWER_VALUE,ANSWER_VALUE_SEARCH,USER_TEXT,USER_TEXT_SEARCH,USER_DATE,USER_FILE_ID,USER_FILE_NAME) values (5422, 144, 4, 141, 587, null, null, '', null, 0x30312E30332E31393832, 0x30312E30332E31393832, '1982-03-01 00:00:00', null, null) ;
insert  into b_form_result_answer ( ID,RESULT_ID,FORM_ID,FIELD_ID,ANSWER_ID,ANSWER_TEXT,ANSWER_TEXT_SEARCH,ANSWER_VALUE,ANSWER_VALUE_SEARCH,USER_TEXT,USER_TEXT_SEARCH,USER_DATE,USER_FILE_ID,USER_FILE_NAME) values (5525, 136, 4, 142, 588, null, null, '', null, 0xE32E20CAE0EBE8EDE8EDE3F0E0E420F3EB2E20C1E0F2E0EBFCEDE0FF2032362D34, 0xC32E20CAC0CBC8CDC8CDC3D0C0C420D3CB2E20C1C0D2C0CBDCCDC0DF2032362D34, null, null, null) ;
insert  into b_form_result_answer ( ID,RESULT_ID,FORM_ID,FIELD_ID,ANSWER_ID,ANSWER_TEXT,ANSWER_TEXT_SEARCH,ANSWER_VALUE,ANSWER_VALUE_SEARCH,USER_TEXT,USER_TEXT_SEARCH,USER_DATE,USER_FILE_ID,USER_FILE_NAME) values (5526, 136, 4, 143, 590, 0xEDE5F2, 0xCDC5D2, '', null, null, 0xC32E20CAC0CBC8CDC8CDC3D0C0C420D3CB2E20C1C0D2C0CBDCCDC0DF2032362D34, null, null, null) ;
insert  into b_form_result_answer ( ID,RESULT_ID,FORM_ID,FIELD_ID,ANSWER_ID,ANSWER_TEXT,ANSWER_TEXT_SEARCH,ANSWER_VALUE,ANSWER_VALUE_SEARCH,USER_TEXT,USER_TEXT_SEARCH,USER_DATE,USER_FILE_ID,USER_FILE_NAME) values (5527, 136, 4, 144, 592, 0xF4E8E7E8EAE0, 0xD4C8C7C8CAC020C8D1D2CED0C8DF20CFD0CEC3D0C0CCC8D0CEC2C0CDC8C5, '2', 0x3220332035, null, 0xC32E20CAC0CBC8CDC8CDC3D0C0C420D3CB2E20C1C0D2C0CBDCCDC0DF2032362D34, null, null, null) ;
insert  into b_form_result_answer ( ID,RESULT_ID,FORM_ID,FIELD_ID,ANSWER_ID,ANSWER_TEXT,ANSWER_TEXT_SEARCH,ANSWER_VALUE,ANSWER_VALUE_SEARCH,USER_TEXT,USER_TEXT_SEARCH,USER_DATE,USER_FILE_ID,USER_FILE_NAME) values (5508, 185, 4, 145, 597, 0x32302D3239, 0x32302D3239, '20', 0x3230, null, 0xC32E20C2CBC0C4C8C2CED1D2CECA, null, null, null) ;
insert  into b_form_result_answer ( ID,RESULT_ID,FORM_ID,FIELD_ID,ANSWER_ID,ANSWER_TEXT,ANSWER_TEXT_SEARCH,ANSWER_VALUE,ANSWER_VALUE_SEARCH,USER_TEXT,USER_TEXT_SEARCH,USER_DATE,USER_FILE_ID,USER_FILE_NAME) values (5509, 185, 4, 146, 604, 0xE2FBF1F8E5E5, 0xC2DBD1D8C5C5, '3', 0x33, null, 0xC32E20C2CBC0C4C8C2CED1D2CECA, null, null, null) ;
insert  into b_form_result_answer ( ID,RESULT_ID,FORM_ID,FIELD_ID,ANSWER_ID,ANSWER_TEXT,ANSWER_TEXT_SEARCH,ANSWER_VALUE,ANSWER_VALUE_SEARCH,USER_TEXT,USER_TEXT_SEARCH,USER_DATE,USER_FILE_ID,USER_FILE_NAME) values (5510, 185, 4, 147, 606, null, null, '', null, 0x31303030, 0x31303030, null, null, null) ;
insert  into b_form_result_answer ( ID,RESULT_ID,FORM_ID,FIELD_ID,ANSWER_ID,ANSWER_TEXT,ANSWER_TEXT_SEARCH,ANSWER_VALUE,ANSWER_VALUE_SEARCH,USER_TEXT,USER_TEXT_SEARCH,USER_DATE,USER_FILE_ID,USER_FILE_NAME) values (5529, 136, 4, 144, 595, 0xEFF0EEE3F0E0ECE8F0EEE2E0EDE8E5, 0xD4C8C7C8CAC020C8D1D2CED0C8DF20CFD0CEC3D0C0CCC8D0CEC2C0CDC8C5, '5', 0x3220332035, null, 0xC32E20CAC0CBC8CDC8CDC3D0C0C420D3CB2E20C1C0D2C0CBDCCDC0DF2032362D34, null, null, null) ;
insert  into b_form_result_answer ( ID,RESULT_ID,FORM_ID,FIELD_ID,ANSWER_ID,ANSWER_TEXT,ANSWER_TEXT_SEARCH,ANSWER_VALUE,ANSWER_VALUE_SEARCH,USER_TEXT,USER_TEXT_SEARCH,USER_DATE,USER_FILE_ID,USER_FILE_NAME) values (5562, 186, 4, 147, 606, null, null, '', null, 0x2D, 0x2D, null, null, null) ;
insert  into b_form_result_answer ( ID,RESULT_ID,FORM_ID,FIELD_ID,ANSWER_ID,ANSWER_TEXT,ANSWER_TEXT_SEARCH,ANSWER_VALUE,ANSWER_VALUE_SEARCH,USER_TEXT,USER_TEXT_SEARCH,USER_DATE,USER_FILE_ID,USER_FILE_NAME) values (5560, 186, 4, 145, 597, 0x32302D3239, 0x32302D3239, '20', 0x3230, null, 0xCDC520CFCECCCDDE, null, null, null) ;
insert  into b_form_result_answer ( ID,RESULT_ID,FORM_ID,FIELD_ID,ANSWER_ID,ANSWER_TEXT,ANSWER_TEXT_SEARCH,ANSWER_VALUE,ANSWER_VALUE_SEARCH,USER_TEXT,USER_TEXT_SEARCH,USER_DATE,USER_FILE_ID,USER_FILE_NAME) values (5561, 186, 4, 146, 604, 0xE2FBF1F8E5E5, 0xC2DBD1D8C5C5, '3', 0x33, null, 0xCDC520CFCECCCDDE, null, null, null) ;
insert  into b_form_result_answer ( ID,RESULT_ID,FORM_ID,FIELD_ID,ANSWER_ID,ANSWER_TEXT,ANSWER_TEXT_SEARCH,ANSWER_VALUE,ANSWER_VALUE_SEARCH,USER_TEXT,USER_TEXT_SEARCH,USER_DATE,USER_FILE_ID,USER_FILE_NAME) values (5555, 186, 4, 140, 586, null, null, '', null, 0xC8E2E0EDEEE220C4ECE8F2F0E8E920C2E8F2E0EBFCE5E2E8F7, 0xC8C2C0CDCEC220C4CCC8D2D0C8C920C2C8D2C0CBDCC5C2C8D7, null, null, null) ;
insert  into b_form_result_answer ( ID,RESULT_ID,FORM_ID,FIELD_ID,ANSWER_ID,ANSWER_TEXT,ANSWER_TEXT_SEARCH,ANSWER_VALUE,ANSWER_VALUE_SEARCH,USER_TEXT,USER_TEXT_SEARCH,USER_DATE,USER_FILE_ID,USER_FILE_NAME) values (5556, 186, 4, 141, 587, null, null, '', null, 0x31382E30362E31393733, 0x31382E30362E31393733, '1973-06-18 00:00:00', null, null) ;
insert  into b_form_result_answer ( ID,RESULT_ID,FORM_ID,FIELD_ID,ANSWER_ID,ANSWER_TEXT,ANSWER_TEXT_SEARCH,ANSWER_VALUE,ANSWER_VALUE_SEARCH,USER_TEXT,USER_TEXT_SEARCH,USER_DATE,USER_FILE_ID,USER_FILE_NAME) values (5557, 186, 4, 142, 588, null, null, '', null, 0xEDE520EFEEECEDFE, 0xCDC520CFCECCCDDE, null, null, null) ;
insert  into b_form_result_answer ( ID,RESULT_ID,FORM_ID,FIELD_ID,ANSWER_ID,ANSWER_TEXT,ANSWER_TEXT_SEARCH,ANSWER_VALUE,ANSWER_VALUE_SEARCH,USER_TEXT,USER_TEXT_SEARCH,USER_DATE,USER_FILE_ID,USER_FILE_NAME) values (5558, 186, 4, 143, 589, 0xE4E0, 0xC4C0, '', null, null, 0xCDC520CFCECCCDDE, null, null, null) ;
insert  into b_form_result_answer ( ID,RESULT_ID,FORM_ID,FIELD_ID,ANSWER_ID,ANSWER_TEXT,ANSWER_TEXT_SEARCH,ANSWER_VALUE,ANSWER_VALUE_SEARCH,USER_TEXT,USER_TEXT_SEARCH,USER_DATE,USER_FILE_ID,USER_FILE_NAME) values (5559, 186, 4, 144, 595, 0xEFF0EEE3F0E0ECE8F0EEE2E0EDE8E5, 0xCFD0CEC3D0C0CCC8D0CEC2C0CDC8C5, '5', 0x35, null, 0xCDC520CFCECCCDDE, null, null, null) ;
insert  into b_form_result_answer ( ID,RESULT_ID,FORM_ID,FIELD_ID,ANSWER_ID,ANSWER_TEXT,ANSWER_TEXT_SEARCH,ANSWER_VALUE,ANSWER_VALUE_SEARCH,USER_TEXT,USER_TEXT_SEARCH,USER_DATE,USER_FILE_ID,USER_FILE_NAME) values (5546, 138, 4, 148, 607, null, null, '', null, null, 0x363030, null, 1038, '') ;
insert  into b_form_result_answer ( ID,RESULT_ID,FORM_ID,FIELD_ID,ANSWER_ID,ANSWER_TEXT,ANSWER_TEXT_SEARCH,ANSWER_VALUE,ANSWER_VALUE_SEARCH,USER_TEXT,USER_TEXT_SEARCH,USER_DATE,USER_FILE_ID,USER_FILE_NAME) values (5545, 138, 4, 147, 606, null, null, '', null, 0x363030, 0x363030, null, null, null) ;
insert  into b_form_result_answer ( ID,RESULT_ID,FORM_ID,FIELD_ID,ANSWER_ID,ANSWER_TEXT,ANSWER_TEXT_SEARCH,ANSWER_VALUE,ANSWER_VALUE_SEARCH,USER_TEXT,USER_TEXT_SEARCH,USER_DATE,USER_FILE_ID,USER_FILE_NAME) values (5506, 185, 4, 144, 594, 0xE8EDEEF1F2F0E0EDEDFBE520FFE7FBEAE8, 0xC8D1D2CED0C8DF20C8CDCED1D2D0C0CDCDDBC520DFC7DBCAC820CFD0CEC3D0C0CCC8D0CEC2C0CDC8C5, '4', 0x3320342035, null, 0xC32E20C2CBC0C4C8C2CED1D2CECA, null, null, null) ;
insert  into b_form_result_answer ( ID,RESULT_ID,FORM_ID,FIELD_ID,ANSWER_ID,ANSWER_TEXT,ANSWER_TEXT_SEARCH,ANSWER_VALUE,ANSWER_VALUE_SEARCH,USER_TEXT,USER_TEXT_SEARCH,USER_DATE,USER_FILE_ID,USER_FILE_NAME) values (5507, 185, 4, 144, 595, 0xEFF0EEE3F0E0ECE8F0EEE2E0EDE8E5, 0xC8D1D2CED0C8DF20C8CDCED1D2D0C0CDCDDBC520DFC7DBCAC820CFD0CEC3D0C0CCC8D0CEC2C0CDC8C5, '5', 0x3320342035, null, 0xC32E20C2CBC0C4C8C2CED1D2CECA, null, null, null) ;
insert  into b_form_result_answer ( ID,RESULT_ID,FORM_ID,FIELD_ID,ANSWER_ID,ANSWER_TEXT,ANSWER_TEXT_SEARCH,ANSWER_VALUE,ANSWER_VALUE_SEARCH,USER_TEXT,USER_TEXT_SEARCH,USER_DATE,USER_FILE_ID,USER_FILE_NAME) values (5505, 185, 4, 144, 593, 0xE8F1F2EEF0E8FF, 0xC8D1D2CED0C8DF20C8CDCED1D2D0C0CDCDDBC520DFC7DBCAC820CFD0CEC3D0C0CCC8D0CEC2C0CDC8C5, '3', 0x3320342035, null, 0xC32E20C2CBC0C4C8C2CED1D2CECA, null, null, null) ;
insert  into b_form_result_answer ( ID,RESULT_ID,FORM_ID,FIELD_ID,ANSWER_ID,ANSWER_TEXT,ANSWER_TEXT_SEARCH,ANSWER_VALUE,ANSWER_VALUE_SEARCH,USER_TEXT,USER_TEXT_SEARCH,USER_DATE,USER_FILE_ID,USER_FILE_NAME) values (5504, 185, 4, 143, 589, 0xE4E0, 0xC4C0, '', null, null, 0xC32E20C2CBC0C4C8C2CED1D2CECA, null, null, null) ;
insert  into b_form_result_answer ( ID,RESULT_ID,FORM_ID,FIELD_ID,ANSWER_ID,ANSWER_TEXT,ANSWER_TEXT_SEARCH,ANSWER_VALUE,ANSWER_VALUE_SEARCH,USER_TEXT,USER_TEXT_SEARCH,USER_DATE,USER_FILE_ID,USER_FILE_NAME) values (5502, 185, 4, 141, 587, null, null, '', null, 0x31382E30392E31393436, 0x31382E30392E31393436, '1946-09-18 00:00:00', null, null) ;
insert  into b_form_result_answer ( ID,RESULT_ID,FORM_ID,FIELD_ID,ANSWER_ID,ANSWER_TEXT,ANSWER_TEXT_SEARCH,ANSWER_VALUE,ANSWER_VALUE_SEARCH,USER_TEXT,USER_TEXT_SEARCH,USER_DATE,USER_FILE_ID,USER_FILE_NAME) values (5503, 185, 4, 142, 588, null, null, '', null, 0xE32E20C2EBE0E4E8E2EEF1F2EEEA, 0xC32E20C2CBC0C4C8C2CED1D2CECA, null, null, null) ;
insert  into b_form_result_answer ( ID,RESULT_ID,FORM_ID,FIELD_ID,ANSWER_ID,ANSWER_TEXT,ANSWER_TEXT_SEARCH,ANSWER_VALUE,ANSWER_VALUE_SEARCH,USER_TEXT,USER_TEXT_SEARCH,USER_DATE,USER_FILE_ID,USER_FILE_NAME) values (5501, 185, 4, 140, 586, null, null, '', null, 0xCCE0F1EBE5EDEAEEE220DEF0E0, 0xCCC0D1CBC5CDCACEC220DED0C0, null, null, null) ;
insert  into b_form_result_answer ( ID,RESULT_ID,FORM_ID,FIELD_ID,ANSWER_ID,ANSWER_TEXT,ANSWER_TEXT_SEARCH,ANSWER_VALUE,ANSWER_VALUE_SEARCH,USER_TEXT,USER_TEXT_SEARCH,USER_DATE,USER_FILE_ID,USER_FILE_NAME) values (5421, 144, 4, 140, 586, null, null, '', null, 0xCFE5F2F0E8EAE8ED20C2E8EAF2EEF020C0EDE0F2EEEBFCE5E2E8F7, 0xCFC5D2D0C8CAC8CD20C2C8CAD2CED020C0CDC0D2CECBDCC5C2C8D7, null, null, null) ;
insert  into b_form_result_answer ( ID,RESULT_ID,FORM_ID,FIELD_ID,ANSWER_ID,ANSWER_TEXT,ANSWER_TEXT_SEARCH,ANSWER_VALUE,ANSWER_VALUE_SEARCH,USER_TEXT,USER_TEXT_SEARCH,USER_DATE,USER_FILE_ID,USER_FILE_NAME) values (5528, 136, 4, 144, 593, 0xE8F1F2EEF0E8FF, 0xD4C8C7C8CAC020C8D1D2CED0C8DF20CFD0CEC3D0C0CCC8D0CEC2C0CDC8C5, '3', 0x3220332035, null, 0xC32E20CAC0CBC8CDC8CDC3D0C0C420D3CB2E20C1C0D2C0CBDCCDC0DF2032362D34, null, null, null) ;
insert  into b_form_result_answer ( ID,RESULT_ID,FORM_ID,FIELD_ID,ANSWER_ID,ANSWER_TEXT,ANSWER_TEXT_SEARCH,ANSWER_VALUE,ANSWER_VALUE_SEARCH,USER_TEXT,USER_TEXT_SEARCH,USER_DATE,USER_FILE_ID,USER_FILE_NAME) values (5524, 136, 4, 141, 587, null, null, '', null, 0x30312E30312E31393533, 0x30312E30312E31393533, '1953-01-01 00:00:00', null, null) ;
insert  into b_form_result_answer ( ID,RESULT_ID,FORM_ID,FIELD_ID,ANSWER_ID,ANSWER_TEXT,ANSWER_TEXT_SEARCH,ANSWER_VALUE,ANSWER_VALUE_SEARCH,USER_TEXT,USER_TEXT_SEARCH,USER_DATE,USER_FILE_ID,USER_FILE_NAME) values (5523, 136, 4, 140, 586, null, null, '', null, 0xD1EEEBEEE2FCE5E220CDE8EAEEEBE0E920CFE5F2F0EEE2E8F7, 0xD1CECBCEC2DCC5C220CDC8CACECBC0C920CFC5D2D0CEC2C8D7, null, null, null) ;

insert  into b_form_status ( ID,FORM_ID,TIMESTAMP_X,ACTIVE,C_SORT,TITLE,DESCRIPTION,DEFAULT_VALUE,CSS,HANDLER_OUT,HANDLER_IN) values (1, 4, '2004-11-11 17:53:02', 'Y', 100, 'Опубликована', 0xF0E5E7F3EBFCF2E0F2FB20E4EEF1F2F3EFEDFB20E4EBFF20EFF0EEF1ECEEF2F0E020E2F1E5EC20EFEEF1E5F2E8F2E5EBFFEC20F1E0E9F2E0, 'N', 'statusgreen', null, null) ;
insert  into b_form_status ( ID,FORM_ID,TIMESTAMP_X,ACTIVE,C_SORT,TITLE,DESCRIPTION,DEFAULT_VALUE,CSS,HANDLER_OUT,HANDLER_IN) values (4, 4, '2004-11-11 17:53:52', 'Y', 200, 'Черновик', 0xF0E5E7F3EBFCF2E0F2FB20E4EEF1F2F3EFEDFB20E4EBFF20F0E5E4E0EAF2E8F0EEE2E0EDE8FF20E820EFF0EEF1ECEEF2F0E020F2EEEBFCEAEE20F1EEE7E4E0F2E5EBFFEC, 'Y', 'statusgrey', null, null) ;
insert  into b_form_status ( ID,FORM_ID,TIMESTAMP_X,ACTIVE,C_SORT,TITLE,DESCRIPTION,DEFAULT_VALUE,CSS,HANDLER_OUT,HANDLER_IN) values (6, 4, '2004-11-11 17:54:43', 'Y', 400, 'Удалена', 0xF0E5E7F3EBFCF2E0F220EDE8EAEEECF320EDE520E4EEF1F2F3EFE5ED20EAF0EEECE520E0E4ECE8EDE8F1F2F0E0F2EEF0E0, 'N', 'statusblack', null, null) ;
insert  into b_form_status ( ID,FORM_ID,TIMESTAMP_X,ACTIVE,C_SORT,TITLE,DESCRIPTION,DEFAULT_VALUE,CSS,HANDLER_OUT,HANDLER_IN) values (7, 4, '2003-10-03 14:26:06', 'Y', 150, 'Анонсирована', 0xF0E5E7F3EBFCF2E0F2FB20E4EEF1F2F3EFEDFB20E4EBFF20EFF0EEF1ECEEF2F0E020E2F1E5EC20EFEEF1E5F2E8F2E5EBFFEC20F1E0E9F2E0, 'N', 'statusred', null, null) ;

insert  into b_form_status_2_group ( ID,STATUS_ID,GROUP_ID,PERMISSION) values (18, 7, 0, 'MOVE') ;
insert  into b_form_status_2_group ( ID,STATUS_ID,GROUP_ID,PERMISSION) values (17, 7, 0, 'VIEW') ;
insert  into b_form_status_2_group ( ID,STATUS_ID,GROUP_ID,PERMISSION) values (16, 7, 0, 'EDIT') ;
insert  into b_form_status_2_group ( ID,STATUS_ID,GROUP_ID,PERMISSION) values (15, 7, 0, 'DELETE') ;
insert  into b_form_status_2_group ( ID,STATUS_ID,GROUP_ID,PERMISSION) values (27, 4, 0, 'DELETE') ;
insert  into b_form_status_2_group ( ID,STATUS_ID,GROUP_ID,PERMISSION) values (26, 4, 0, 'EDIT') ;
insert  into b_form_status_2_group ( ID,STATUS_ID,GROUP_ID,PERMISSION) values (25, 4, 0, 'MOVE') ;
insert  into b_form_status_2_group ( ID,STATUS_ID,GROUP_ID,PERMISSION) values (24, 4, 0, 'VIEW') ;
insert  into b_form_status_2_group ( ID,STATUS_ID,GROUP_ID,PERMISSION) values (10, 7, 0, 'MOVE') ;
insert  into b_form_status_2_group ( ID,STATUS_ID,GROUP_ID,PERMISSION) values (9, 7, 0, 'VIEW') ;
insert  into b_form_status_2_group ( ID,STATUS_ID,GROUP_ID,PERMISSION) values (8, 7, 2, 'VIEW') ;
insert  into b_form_status_2_group ( ID,STATUS_ID,GROUP_ID,PERMISSION) values (22, 1, 0, 'EDIT') ;
insert  into b_form_status_2_group ( ID,STATUS_ID,GROUP_ID,PERMISSION) values (21, 1, 0, 'MOVE') ;
insert  into b_form_status_2_group ( ID,STATUS_ID,GROUP_ID,PERMISSION) values (20, 1, 2, 'VIEW') ;
insert  into b_form_status_2_group ( ID,STATUS_ID,GROUP_ID,PERMISSION) values (19, 1, 0, 'VIEW') ;
insert  into b_form_status_2_group ( ID,STATUS_ID,GROUP_ID,PERMISSION) values (23, 1, 0, 'DELETE') ;
