0000455201;300233
0000455820;321663
0000556543;64065
0000555899;64293
0000555717;64295
0000555829;64855
0000556328;64857
0000556382;64859
0000556431;64861
0000042666;64863
0000565213;64865
0000553582;64869
0000554594;66387
0000553817;67385
0000559461;67391
0000573194;67395
0000567572;67403
0000569072;67411
0000573455;67413
0000575658;67415
0000571417;68131
0000559401;128166
0000554983;315886
0000554105;316138
0000405068;63509
0000413537;63521
0000416031;63527
0000413697;63895
0000402873;65207
0000414407;65209
0000402514;65311
0000402576;65313
0000400261;65555
0000402907;66643
0000405114;66663
0000241798;66685
0000414954;66695
0000420983;66713
0000413219;67433
0000028507;67445
0000400151;68037
0000414443;109070
0000425449;114225
0000194183;114227
0000119864;114229
0000415973;114231
0000414161;114233
0000414173;114235
0000416081;114239
0000425523;114241
0000414002;114243
0000414058;114245
0000413645;114247
0000206442;114250
0000412609;114252
0000410204;114254
0000411927;179478
0000410239;179479
0000403030;179480
0000415373;179481
0000414878;179482
0000403055;179484
0000425556;179485
0000422958;179487
0000412041;181297
0000416255;209170
0000413464;252787
0000402730;316115
0000413483;317667
0000413569;317670
0000413854;317671
0000413323;317673
0000413452;317681
0000413913;317682
0001066239;63423
0001069072;112317
0000158780;112323
0001066992;118355
0001068937;118357
0000120858;63193
0000120659;63195
0000120365;63197
0000339134;63199
0000116063;63201
0000118144;63207
0000113663;63217
0000117278;63219
0000121118;63225
0000342984;63639
0000111424;64833
0000111518;65355
0000239713;65475
0000111537;65771
0000067197;65773
0000112756;65775
0000113300;65783
0000111670;65785
0000111645;120729
0000117960;120731
0000118956;120735
0000111651;121246
0000113349;121250
0000111611;121254
0000111653;174677
0000110395;174710
0000341719;241586
0000560110;322335
0000483783;63845
0000482186;64279
0000485861;65197
0000484551;65483
0000482115;65723
0000484064;65787
0000481189;65795
0000481443;65797
0000482307;65809
0000482089;65811
0000484103;65825
0000037527;65829
0000484672;65849
0000485983;65853
0000484317;193561
0000485329;193859
0000485667;193883
0000484857;194546
0000482162;212099
0000245163;241587
0000155934;243275
0000786267;64971
0000790675;68135
0000780806;68139
0000780261;68221
0000688961;68223
0000780580;68275
0000783896;117618
0000182323;241509
0000784621;241556
0000784561;241659
0000998918;64341
0000258314;64481
0000996635;64483
0000181562;64485
0001006954;64487
0000617545;64491
0000233725;64509
0001002403;64525
0000345038;64553
0000994395;65869
0000997475;65885
0000998814;65895
0000107629;65903
0000078179;65907
0001003783;241541
0000146113;63335
0000140859;63341
0000251681;63749
0000144253;63751
0000137564;63755
0000141348;63757
0000143633;63759
0000141561;63761
0000140114;63763
0000144359;63765
0000233704;63767
0000134530;66213
0000139301;68901
0000144033;68965
0000136798;69063
0000145692;69125
0000145903;95046
0000145583;122466
0000147133;122566
0000136981;122570
0000137619;122572
0000141521;176944
0000143537;178002
0000226204;179929
0000137683;193808
0000144654;241534
0000138685;241557
0000143997;241585
0000144993;241640
0000136626;241660
0000182120;317239
0000693109;67933
0000691520;88285
0000338507;241896
0000060076;63213
0000620743;64337
0001006266;64547
0000993072;64551
0000996751;65883
0001000927;65909
0000042676;65933
0001003072;88253
0001039119;112780
0001038990;113432
0001041077;178357
0001041738;179488
0001040118;179489
0001045254;179490
0000191168;179491
0001043763;241655
0001040789;241656
0000285267;63465
0000619526;64969
0000299073;65339
0000304818;65573
0000112791;66053
0000304457;66181
0000307347;66193
0000311574;66205
0000245832;122600
0000299334;177055
0000307511;177056
0000297651;178363
0000241245;321746
0000782040;323084
0000883717;103538
0000892475;103544
0000151700;127730
0000883430;127734
0000883106;127742
0000883488;127746
0000883248;193712
0000284649;63369
0000290476;63379
0000291413;63381
0000282948;63385
0000283855;63389
0000292612;63391
0000292320;101399
0000151302;101407
0000284081;101415
0000284844;101422
0000246288;101424
0000286665;101431
0000287270;101439
0000288255;101446
0000289650;101448
0000290950;101458
0000292042;101464
0000293065;101474
0000281538;112356
0000151187;112358
0000281973;121264
0000283347;121266
0000280606;174688
0000288889;177044
0000291331;181195
0000281887;241657
0000280738;246111
0000285804;317477
0000514337;65645
0000078593;65747
0000515145;65947
0000514565;65949
0000515158;65959
0000514975;65961
0000287462;65967
0000515224;65969
0000514371;65973
0000515343;65977
0000515232;65979
0000524749;65981
0000515250;65985
0000514974;116035
0000377678;63463
0000380653;63499
0000381457;65515
0000378099;65993
0000378331;65997
0000379300;65999
0000379609;66003
0000380851;66021
0000381850;66023
0000381525;66025
0000382267;66027
0000240023;66035
0000384157;66037
0000383583;66039
0000384800;66041
0000386022;66047
0000385836;66049
0000278039;68873
0000377001;68877
0000377073;68879
0000382141;68881
0000379939;68883
0000382915;68887
0000379263;68891
0000208582;68989
0000176822;116923
0000161442;178038
0000377235;194549
0000377140;241520
0000381328;241667
0000379057;241682
0000377109;241884
0001059469;178614
0000319767;102625
0000314087;63109
0000319106;63135
0000322158;63143
0000321146;63153
0000321069;63157
0000322858;63173
0000323906;93006
0000322038;102437
0000324283;102441
0000316615;102443
0000321545;106955
0000317177;117652
0000317127;117654
0000369033;117656
0000321258;117658
0000321119;117660
0000321127;117662
0000322220;117664
0000322555;117666
0000323170;117668
0000314512;174691
0000317775;176493
0000319659;176917
0000321967;177088
0000316508;178142
0000322960;178143
0000035647;178164
0000267032;178165
0000316405;178166
0000312994;179492
0000323140;179493
0000323084;179494
0000049048;179495
0000321409;179930
0000602115;193650
0000322499;193652
0000315220;193653
0000321769;193881
0000317082;241516
0000322620;241522
0000317019;241565
0000321782;241621
0000319022;241661
0000315287;241672
0000316541;241714
0000322358;241791
0000322634;253037
0000435482;63887
0000434562;64977
0000255188;65167
0000441833;65169
0000436537;65173
0000286823;65177
0000442052;65189
0000045910;66059
0000431872;66061
0000433757;66067
0000435845;66071
0000436180;66073
0000285500;66081
0000441487;66085
0000443438;66087
0000359929;112364
0000433715;118692
0000430760;136225
0000431359;136703
0000428340;136705
0000431306;136707
0000430744;136709
0000430884;178231
0000442341;178232
0000434361;241558
0000443337;241559
0000038571;64347
0000437072;64531
0000440550;64979
0000437273;65165
0000438580;65171
0000437444;69019
0000442008;211691
0000756095;241671
0000181205;316109
0000437199;324104
0000340452;63229
0000347998;64507
0000342265;65113
0000262095;65219
0000339737;65351
0000341279;65353
0000338277;65497
0000337094;65499
0000337509;65537
0000347725;66093
0000348858;66095
0000341726;66097
0000342338;66099
0000343031;66101
0000342464;66103
0000347159;66105
0000344321;66107
0000345061;66109
0000339964;66111
0000342456;66113
0000345782;66117
0000167334;66119
0000347213;66123
0000346206;66127
0000346814;66129
0000344450;66131
0000348403;66133
0000347876;66135
0000346048;66137
0000350052;66139
0000341863;66141
0000346060;66143
0000342250;66145
0000346484;88271
0000339155;88287
0000343317;95025
0000337793;116096
0000241778;177663
0000347435;177664
0000163793;63433
0000360218;63515
0000298717;63635
0000307338;63771
0000302783;64393
0000300909;65343
0000306460;65745
0000295627;66149
0000296461;66151
0000298454;66163
0000301961;66171
0000301384;66175
0000302366;66177
0000302488;66179
0000132125;66191
0000309239;66201
0000311659;66215
0000307061;68999
0000296238;122580
0000301250;122586
0000302849;122588
0000342991;122590
0000305696;122598
0000350579;122602
0000309544;122604
0000310705;122606
0000303225;131461
0000304333;174707
0000306845;178191
0000306316;178569
0000370387;179981
0000302974;241590
0000301012;316180
0000610995;65049
0000610771;65539
0000602041;65601
0000610688;106991
0000677573;113428
0000610681;174714
0000617991;193805
0000054242;65699
0000829908;66285
0000819164;139243
0000816016;174716
0000834022;193639
0000834081;193640
0000078189;194553
0000826468;211790
0000270311;241646
0000151143;241662
0000814142;316963
0000814903;322261
0000563484;65725
0000215077;66411
0000563348;174353
0000236535;174736
0000564571;174737
0000123019;63141
0000127036;68855
0000131788;68869
0000130025;88279
0000129107;89579
0000128964;89596
0000131079;89616
0000127120;93010
0000127667;93012
0000127295;93015
0000128245;93018
0000130830;93023
0000132736;93030
0000122500;93039
0000128076;93046
0000123234;95015
0000123565;101917
0000125246;117190
0000132959;117202
0000123235;193882
0000630365;63525
0000673919;63803
0000632047;64331
0000625023;64383
0000625428;64385
0000692421;64813
0000637973;64841
0000635255;64843
0000635342;64845
0000635846;64847
0000634130;64849
0000317328;65485
0000629010;65513
0000627135;66301
0000626769;66303
0000630741;66305
0000628810;66307
0000631349;66309
0000631870;66311
0000632149;66313
0000633324;66315
0000633651;66317
0000631333;66319
0000634708;66321
0000636509;66325
0000636184;66327
0000635595;66329
0000637447;66331
0000636785;66333
0000637842;66335
0000680664;67457
0000629153;88257
0000638228;88297
0000634927;111682
0000159871;128168
0000638079;176403
0000638121;176951
0000638324;176952
0000638342;176953
0000635153;177557
0000637371;177658
0000637272;177659
0000158645;64443
0000486486;193877
0000580896;63661
0000578729;64519
0000579482;65015
0000580192;65019
0000579193;65021
0000196160;65023
0000582086;65025
0000579806;65027
0000582488;65029
0000581080;65031
0000581685;65033
0000579189;65035
0000579010;65037
0000582720;65039
0000605689;67513
0000127396;121272
0000268940;124523
0000580264;180111
0000342999;241698
0000567111;63619
0000564418;64521
0000563646;64873
0000560922;65065
0000502037;65271
0000567491;65457
0000571759;65687
0000232906;66389
0000557186;66391
0000557603;66393
0000558794;66395
0000556752;66397
0000558605;66399
0000573528;66403
0000558358;66405
0000565265;66407
0000560809;66413
0000561613;66415
0000565638;66421
0000566212;66425
0000561720;66427
0000567149;66429
0000561019;66433
0000561092;66435
0000571869;66437
0000567352;66439
0000572225;66441
0000572772;66443
0000567438;66445
0000575512;66447
0000573962;66451
0000561843;68953
0000175583;68973
0000420722;115775
0000573620;120723
0000573696;120725
0000558734;120727
0000271888;122993
0000200653;122995
0000050224;194550
0000274484;241584
0000276843;316641
0000360446;65525
0000351731;65703
0000356610;65735
0000356578;65737
0000356474;66453
0000361692;66455
0000356934;66457
0000355960;66459
0000358221;66461
0000359539;66463
0000356666;66465
0000360384;66469
0000358632;66471
0000361132;66473
0000355759;66475
0000359213;66477
0000356776;66479
0000355650;66481
0000358508;66483
0000360278;66485
0000184479;66487
0000359939;66489
0000361146;66493
0000360695;66495
0000358830;66499
0000362485;66501
0000361299;66505
0000361991;66511
0000358143;117680
0000206818;134096
0000096538;178292
0000360336;178337
0000356119;181202
0000358822;181293
0000357776;193713
0000357654;193855
0000239345;193856
0000357747;193857
0000358498;241708
0000385135;241710
0000148569;102628
0000150573;102632
0000150713;102634
0000149338;63113
0000157561;63841
0000152503;69137
0000156289;69139
0000151402;102636
0000148610;112362
0000157818;112386
0000155761;112388
0000149901;113411
0000150755;114470
0000151473;117296
0000149454;117298
0000148987;117805
0000151988;117807
0000155365;117813
0000156838;117988
0000155983;117990
0000156866;117992
0000158364;117994
0000148548;118002
0000153509;118004
0000148100;122007
0000077754;139239
0000149863;146028
0000154431;174777
0000149860;181292
0000150157;192925
0000056652;193822
0000152434;211692
0000156245;212108
0000151572;212154
0000260210;212532
0000151041;241551
0000152133;241706
0000148370;243236
0000150017;250283
0000151735;250284
0000149567;250287
0000476217;65545
0000477226;101402
0000463243;317444
0000939989;208762
0000940627;241546
0000948264;241554
0000124332;90228
0000128823;93020
0000132275;117188
0000044139;117196
0000124521;117198
0000126735;117200
0000125067;241705
0000917109;63547
0000243972;63569
0000794049;63573
0000130650;63775
0000598569;63787
0000588071;63815
0000588088;63817
0000589707;64875
0000038632;64877
0000430981;64881
0000979838;64883
0000596923;64885
0000599800;64887
0000596564;65061
0000585191;66567
0000586187;66569
0000267736;66571
0000587672;66573
0000587329;66575
0000588142;66577
0000585903;66583
0000590685;66587
0000591915;66589
0000747459;66591
0000592411;66593
0000592167;66595
0000592490;66597
0000593422;66599
0000593020;66601
0000593722;66603
0000594194;66605
0000595179;66607
0000596052;66613
0000597763;66617
0000597466;66619
0000598113;66623
0000598709;66625
0000598940;66627
0000599539;66631
0000328236;68411
0000588238;68979
0000166050;117186
0000592693;122997
0000594261;122999
0000589186;172113
0000339457;172115
0000588754;174776
0000584553;181210
0000594299;241676
0000584613;297540
0000167517;66629
0000164163;68849
0000166171;89581
0000162112;89583
0000163156;89586
0000162509;89588
0000166806;89590
0000165366;89592
0000167047;89594
0000160196;89612
0000106113;89624
0000158732;92998
0000164348;112372
0000162767;117182
0000246576;117184
0000161012;117192
0000160131;117194
0000162336;193806
0000158978;241555
0000159927;241588
0000408690;63461
0000404007;63647
0000405836;63649
0000418299;63669
0000403324;64367
0000417935;65115
0000424793;65295
0000071533;65297
0000400019;65301
0000425039;65303
0000408242;65309
0000417378;66637
0000401301;66645
0000401916;66647
0000403395;66657
0000407363;66659
0000405918;66667
0000388306;66673
0000421701;66687
0000406631;66689
0000408440;66693
0000416834;66705
0000417466;66709
0000396811;66723
0000403739;68947
0000403156;69099
0000403645;112304
0000171518;112309
0000745446;112311
0000237126;145147
0000389421;174745
0000408641;179938
0000407318;193547
0000418097;193809
0000400603;212135
0000401783;212533
0000416603;241525
0000417324;241533
0000401561;241535
0000400963;241538
0000401826;241544
0000403222;241563
0000403997;241568
0000418560;241569
0000225197;241575
0000404271;241577
0000388690;241579
0000389175;241580
0000389378;241581
0000417081;241582
0000400784;241583
0000400704;241589
0000406786;241592
0000389032;241593
0000388928;241594
0000401613;241668
0000406911;241697
0000390918;241724
0000401178;241804
0000402169;241829
0000424833;241854
0000338023;241860
0000416815;241898
0000417678;243194
0000396326;250276
0000391557;250285
0000389040;251485
0000388198;251486
0000391708;254572
0000403297;255066
0000421484;255067
0000396703;316588
0000421852;316643
0000391972;317138
0000421601;317199
0000417706;317525
0000417732;317531
0000406022;319411
0000406114;319412
0000406083;319413
0000418074;319454
0000419132;319455
0000396414;319456
0000417624;319458
0000418034;319459
0000417636;319461
0000396721;319463
0000396063;319464
0000416709;319465
0000401677;319467
0000412763;319469
0000402244;319471
0000424650;319472
0000407460;319473
0000403618;319474
0000407125;319475
0000421813;319476
0000421459;319477
0000417014;319478
0000416746;319480
0000418281;319481
0000391583;319858
0000391987;319859
0000396967;319871
0000391835;319872
0000391874;319875
0000400680;319878
0000338454;319879
0000425114;319881
0000419206;319882
0000401278;319883
0000406715;319884
0000417896;319888
0000345030;319889
0000409810;319890
0000391662;319891
0000417117;321721
0000406241;321722
0000408122;321724
0000602467;64287
0000167379;64447
0000914105;64451
0000906859;64829
0000897496;66757
0000908307;66761
0000912325;66791
0000912195;178395
0000918497;193543
0000906713;241519
0000200707;64913
0000701597;64987
0000703471;64991
0000705366;64999
0000708805;65001
0000158718;65007
0000375117;128170
0000701368;128172
0000704073;176839
0000701285;241523
0000845683;66825
0000842495;241598
0000866382;243441
0000605669;321121
0000175875;63673
0000172005;63677
0000172340;63679
0000169059;63681
0000173569;63685
0000143759;63687
0000173011;63693
0000174247;63695
0000173810;63701
0000176331;63705
0000170295;63707
0000176958;63709
0000177238;63725
0000169656;63747
0000172400;63879
0000176619;122470
0000176661;178358
0000172299;179710
0000079306;181180
0000171392;181250
0000211435;193291
0000176260;193292
0000176531;193293
0000216592;299775
0000172526;317378
0000041211;63445
0000179891;63899
0000183340;63903
0000178447;63917
0000180338;63919
0000181330;63921
0000183078;63923
0000344231;63925
0000183880;63927
0000185031;63931
0000180762;65569
0000199438;65575
0000182438;65577
0000184621;65581
0000179056;66167
0000185581;66209
0000179311;89763
0000186496;122854
0000184995;122856
0000062273;176920
0000186201;177054
0000181439;177092
0000182236;178352
0000187135;179882
0000186978;180234
0000187153;180235
0000186754;181290
0000186794;193858
0000183500;209697
0000179049;211365
0000180191;211949
0000187100;241596
0000179768;241629
0000185186;241916
0000864557;94927
0000866714;193117
0000865913;193550
0000609436;64631
0000863144;68695
0000257222;178168
0000151813;102638
0000054058;63467
0000044144;63469
0000043409;63471
0000061626;63495
0000078900;63533
0000057191;63553
0000055034;63557
0000040307;63585
0000052437;63587
0000055607;63589
0000028278;63591
0000065710;63593
0000029562;63595
0000046609;63597
0000054244;63599
0000064476;63601
0000029430;63605
0000028226;63607
0000053019;63609
0000033415;63611
0000034081;63613
0000056955;63615
0000241797;63621
0000072080;63625
0000268322;63633
0000127488;63651
0000038646;63781
0000061385;63791
0000163133;63793
0000040526;63797
0000072459;63799
0000060506;63801
0000078296;63819
0000057489;63821
0000054883;63823
0000029431;63825
0000068412;63827
0000058012;63829
0000029663;63835
0000595298;63837
0000043916;63839
0000063549;63873
0000066857;63881
0000067863;63885
0000154632;64009
0000201713;64011
0000078861;64015
0000043183;64021
0000041768;64023
0000036362;64029
0000054559;64031
0000055305;64037
0000051327;64071
0000860639;64251
0000044852;64263
0000048076;64275
0000088075;64283
0000052399;64321
0000041014;64373
0000049817;64391
0000070463;64479
0000038569;64493
0000046646;64501
0000057998;64505
0000044933;64831
0000345003;64891
0000079376;64893
0000151109;64899
0000053909;64905
0000046580;65105
0000079293;65193
0000079217;65385
0000061524;65387
0000055759;65389
0000055717;65391
0000043754;65393
0000071775;65397
0000077614;65403
0000057396;65407
0000064115;65411
0000191818;65417
0000054702;65493
0000029028;65495
0000078023;65503
0000077453;65589
0000051773;65591
0000054111;65593
0000060238;65763
0000029388;65777
0000053931;66835
0000044374;66837
0000079103;66839
0000045057;66841
0000051872;66843
0000298549;66845
0000051302;66847
0000044981;66849
0000050988;66853
0000034407;66857
0000065378;66861
0000036998;66865
0000167890;66867
0000168050;66869
0000077879;66871
0000045110;66873
0000036826;66875
0000062610;66881
0000035146;66885
0000036585;66887
0000035002;66889
0000059010;66891
0000060219;66893
0000033495;66895
0000044209;66897
0000044877;66899
0000048399;66901
0000055045;66903
0000040724;66909
0000060951;66911
0000038079;66915
0000072024;66917
0000055176;66923
0000045087;66925
0000065998;66929
0000058855;66931
0000039313;66933
0000033478;66935
0000048505;66937
0000066236;66941
0000028848;66947
0000208769;66951
0000053463;66961
0000201112;66963
0000040939;66973
0000045063;66975
0000041522;66977
0000042452;66981
0000040281;66991
0000338462;66995
0000078767;66997
0000031861;66999
0000044453;67001
0000062869;67003
0000078958;67007
0000065940;67009
0000028844;67011
0000054523;67013
0000038615;67015
0000264819;67019
0000295571;67021
0000057794;67025
0000040862;67027
0000055218;67029
0000054395;67031
0000066926;67037
0000040129;67041
0000046203;67047
0000071159;67049
0000070653;67051
0000046345;67053
0000345043;67055
0000054049;67057
0000078865;67059
0000050835;67061
0000217647;67063
0000046601;67065
0000072777;67067
0000044408;67071
0000047843;67075
0000044895;67077
0000078911;67081
0000049473;67083
0000051349;67085
0000054449;67093
0000049054;67097
0000060497;67099
0000039004;67101
0000070281;67103
0000052457;67105
0000150971;67107
0000054606;67109
0000060669;67113
0000042966;67115
0000047636;67117
0000041087;67119
0000056325;67121
0000078157;67123
0000044716;67125
0000044828;67133
0000079106;67135
0000078329;67139
0000078400;67141
0000058308;67143
0000044971;67147
0000060970;67149
0000036226;67151
0000056616;67153
0000047543;67159
0000078277;67161
0000062152;67165
0000057169;67173
0000051632;67175
0000062941;67177
0000041092;67181
0000066240;67185
0000079416;67189
0000068923;67191
0000057858;67193
0000053579;67195
0000068662;67197
0000049875;67199
0000069763;67203
0000046670;67205
0000046724;67209
0000054746;67213
0000077457;67215
0000155956;67217
0000034142;67223
0000053381;67225
0000069111;67231
0000063600;67239
0000054878;67241
0000050152;67243
0000058240;67245
0000066888;67247
0000034148;67251
0000070886;67253
0000071564;67255
0000050216;67261
0000054763;67263
0000072858;67265
0000053706;67277
0000029517;67281
0000037994;67283
0000270693;68943
0000044426;68945
0000044142;68951
0000057221;68963
0000072454;68967
0000044413;68975
0000070202;68977
0000048822;68981
0000044993;68983
0000054835;68987
0000065284;68993
0000060396;68997
0000050245;69003
0000041206;69005
0000045088;69007
0000078805;69015
0000078997;69021
0000239966;69023
0000029532;69025
0000066221;69027
0000078878;69043
0000034053;69045
0000072446;69059
0000080158;69061
0000072121;69069
0000152883;69073
0000050906;69075
0000078008;69103
0000054503;69105
0000067514;69107
0000197328;69113
0000054036;69115
0000078452;69119
0000060704;69121
0000037525;69129
0000060433;69151
0000046191;88283
0000031666;95065
0000059325;101428
0000060202;101450
0000237534;101481
0000078873;101915
0000039066;102780
0000078657;105210
0000048148;105249
0000347837;106957
0000049263;107034
0000044959;111455
0000065530;114223
0000053890;114859
0000060095;115932
0000044920;116800
0000264717;117646
0000077690;117698
0000071967;117791
0000037540;118696
0000029540;118698
0000040375;118700
0000078396;119878
0000029465;119880
0000053337;119882
0000053944;119884
0000033852;119886
0000055425;119888
0000055018;119890
0000079469;119892
0000058959;119894
0000059378;119896
0000060435;119898
0000077996;119900
0000058077;119902
0000063838;119904
0000062759;119906
0000044708;120387
0000047677;120391
0000036976;121256
0000780546;121258
0000064724;121260
0000070857;121262
0000066545;122866
0000043481;131465
0000040865;132509
0000041036;134100
0000065656;139247
0000057000;145137
0000029015;145151
0000045015;146026
0000151805;146310
0000048988;146312
0000044341;174680
0000077344;174681
0000040458;174682
0000219957;174684
0000029474;174738
0000178653;174741
0000037245;174742
0000039980;174779
0000029531;176362
0000063972;176840
0000050935;176998
0000055490;177012
0000040614;178171
0000065572;178415
0000059232;178452
0000045058;178551
0000065784;178561
0000066209;179439
0000213107;179661
0000061352;179792
0000048724;179883
0000040301;179916
0000034072;179918
0000065757;179925
0000064011;180233
0000063949;192884
0000064971;193239
0000054302;193851
0000053300;193871
0000044995;193873
0000044987;193874
0000056963;193875
0000029236;193879
0000060417;193880
0000059244;193885
0000057261;208798
0000029206;208822
0000052929;209171
0000067867;209657
0000062410;211503
0000055503;211712
0000041027;211729
0000071998;212173
0000037048;241536
0000044954;241574
0000052997;241616
0000038663;241618
0000037283;241624
0000066845;241625
0000048189;241643
0000042950;241649
0000034775;241680
0000063881;241702
0000070088;241772
0000065554;241912
0000028723;244594
0000061450;244595
0000045049;244596
0000053452;247873
0000066164;248877
0000032609;250719
0000054364;251011
0000053967;254084
0000071951;316132
0000051711;316922
0000038470;317148
0000353507;67287
0000353805;67293
0000354005;67301
0000354207;67305
0000353563;67309
0000353350;67311
0000353830;67317
0000353267;67319
0000353906;67325
0000354093;67331
0000353783;67343
0000353869;67347
0000354168;67349
0000354203;67353
0000353763;67361
0000354113;67365
0000344921;67367
0000060159;67369
0000353706;67377
0000353821;67379
0000234702;67383
0000191185;116041
0000574561;63481
0000575233;63563
0000574810;64311
0000633038;64851
0000554150;67387
0000562524;67397
0000570000;67401
0000568876;67405
0000569454;67407
0000504427;178032
0000067759;179740
0000339656;241645
0000519255;65119
0000513627;65675
0000513261;67431
0000192766;67441
0000040451;241553
0000631804;94994
0000852992;179717
0000338619;241642
0000570388;64309
0000570172;64313
0000576328;66449
0000564687;67399
0000233350;178365
0000570843;212174
0000570587;212175
0000570464;212584
0000574591;241611
0000544040;64235
0000602165;64273
0000608905;64359
0000615444;65045
0000608289;65047
0000603152;65055
0000604240;65071
0000613452;65079
0000623258;65081
0000619197;65083
0000238531;65089
0000618730;65093
0000347870;65101
0000622535;65121
0000616324;65127
0000621325;65131
0000609830;65135
0000618545;65153
0000603869;65157
0000607812;65463
0000612448;65471
0000615419;65547
0000165535;65565
0000603904;65595
0000247815;65607
0000602731;65609
0000166559;65611
0000603052;65643
0000608293;65731
0000607152;67475
0000608554;67477
0000604260;67483
0000612859;67487
0000614707;67489
0000613119;67491
0000613984;67493
0000615954;67495
0000617046;67497
0000617638;67499
0000618211;67501
0000613794;67503
0000603670;67505
0000620105;67507
0000615777;67511
0000615462;69109
0000607924;69111
0000613825;122975
0000603024;131463
0000606061;193115
0000606445;193870
0000615635;193872
0000614904;241548
0000132976;250286
0000618680;317240
0000244467;67549
0000205958;117696
0000823616;211493
0000260427;248513
0000914574;65807
0000613382;64381
0000420018;65701
0000396437;67603
0000397908;67611
0000397407;67613
0000398214;67629
0000409140;69123
0000398305;174744
0000409068;174780
0000045352;177250
0000409120;192980
0000409315;193262
0000393232;193830
0000562090;193831
0000398639;194548
0000419484;211936
0000420060;211943
0000397433;241539
0000409103;241591
0000409410;241653
0000409549;241677
0000397370;241707
0000409215;241733
0000419883;241915
0000409653;248665
0000419353;317436
0000955993;63843
0000952750;64557
0000996999;65887
0000953067;114490
0000952831;178034
0000956399;241599
0000956343;321664
0000108647;68935
0000108680;174740
0000109651;177641
0000109637;177643
0000737350;64711
0000759074;64717
0000171213;67747
0000759202;241801
0000758755;316017
0000758468;316106
0000758553;316461
0000745687;317204
0000738308;317446
0000758365;322532
0000186017;322534
0000559151;322537
0000743479;323173
0000973928;64827
0000971301;179937
0000973289;209659
0000211051;63349
0000605160;63353
0000192950;63355
0000604211;63357
0000247925;63359
0000196324;63361
0000195702;63363
0000196366;63365
0000196599;63367
0000154577;63729
0000190820;63731
0000191274;63733
0000195535;63735
0000191959;63737
0000193159;63739
0000193899;63741
0000195768;63743
0000194352;63745
0000189651;174695
0000195992;174701
0000193845;174702
0000192679;174703
0000190908;174704
0000029578;193480
0000029471;193560
0000189540;193853
0000188446;316203
0000228223;64781
0000171205;67739
0000722547;179745
0000721272;241518
0000725444;241552
0000724881;241617
0000726931;241679
0000746720;249145
0000700335;63551
0000631270;64267
0000191554;64365
0000709790;64981
0000709604;64983
0000705199;64993
0000701873;64997
0000709377;65427
0000614225;65529
0000707191;66115
0000700250;67817
0000700755;67819
0000706423;67821
0000701695;67823
0000700865;67825
0000699624;67827
0000709523;67829
0000702236;67843
0000701247;67845
0000709738;67857
0000706757;67865
0000707529;67867
0000707962;67875
0000701643;67877
0000703938;67881
0000699187;68957
0000709748;95041
0000701143;95067
0000707882;128176
0000707044;193643
0000699000;211769
0000688007;63561
0000163444;63571
0000690020;63631
0000029053;64785
0000687557;64787
0000681689;64799
0000680894;64807
0000077749;65511
0000689158;65567
0000679197;67899
0000685619;67923
0000674338;67929
0000163460;69009
0000689989;69013
0000688127;110769
0000674319;112412
0000286018;174690
0000672020;178540
0000683344;193468
0000683645;193469
0000682321;211731
0000683457;212505
0000673820;241678
0000688662;246835
0000330947;63399
0000330925;63401
0000331282;63403
0000335492;63405
0000330739;63407
0000330959;63409
0000331259;63859
0000331709;63861
0000331753;63863
0000330967;63865
0000332280;63867
0000334619;63869
0000335557;63965
0000335679;63967
0000330885;63969
0000330891;63971
0000330873;63973
0000335446;63975
0000330943;63977
0000332253;63979
0000330973;63981
0000332366;63983
0000335433;63985
0000335508;63987
0000330647;63989
0000335401;64407
0000335804;65067
0000330627;65757
0000332809;67939
0000334500;67943
0000331880;67945
0000332070;67947
0000333860;67953
0000334116;67955
0000336344;67957
0000334391;67959
0000333317;67961
0000335045;67963
0000335337;67967
0000336113;67969
0000331323;67971
0000335742;67973
0000335190;67975
0000330808;67977
0000330980;67979
0000335406;67981
0000332210;69001
0000334964;116092
0000602698;176986
0000234191;179702
0000335264;241690
0000335599;241691
0000333515;317548
0000941098;67561
0000941178;122142
0000941462;123003
0000945194;123005
0000944821;123007
0000238411;172117
0000941508;178360
0000944875;209700
0000366019;65431
0000367635;65435
0000372700;65437
0000369160;65443
0000371686;65445
0000374161;65449
0000370426;65451
0000276870;65453
0000369872;66031
0000369089;117002
0000373410;117004
0000270727;117008
0000374719;148076
0000371861;178114
0000369716;178119
0000080526;178126
0000376027;241681
0000375961;241688
0000376648;241689
0000376651;241693
0000372497;241713
0000516002;63555
0000523134;65111
0000389182;65213
0000515893;65677
0000513677;67985
0000339937;179670
0000518075;209686
0000523372;211770
0000515569;241524
0000515674;248667
0000364819;63529
0000304986;63875
0000067852;65337
0000182373;66147
0000297102;66153
0000297811;66157
0000298189;66161
0000298834;66165
0000299611;66169
0000171809;66185
0000303922;66187
0000305360;66189
0000307689;66195
0000300624;69011
0000659558;122462
0000299810;122584
0000305015;122594
0000139703;149810
0000300805;178537
0000303731;179932
0000298281;181177
0000300045;241630
0000286303;65235
0000457586;65237
0000292301;65241
0000455989;65481
0000404129;68043
0000176497;174712
0000258807;177678
0000455901;179654
0000455585;193290
0000453180;193546
0000461996;241566
0000176450;241576
0000476068;241604
0000560670;241619
0000471501;241647
0000456024;241683
0000404700;241709
0000124638;65665
0000266226;68827
0000269973;68843
0000270673;68845
0000270432;68851
0000166486;68853
0000274012;68857
0000277748;68867
0000269878;68871
0000264236;110743
0000201619;63147
0000202522;63163
0000202987;63165
0000198655;63169
0000043718;68893
0000206007;105212
0000198552;106513
0000365287;112376
0000202186;112378
0000200805;112380
0000201238;112390
0000204995;112392
0000042662;117672
0000203391;117678
0000580894;117692
0000316018;146307
0000161524;176440
0000197142;241505
0000582851;317451
0000181057;63531
0000279340;64075
0000184465;64077
0000669063;64215
0000669488;64219
0000668436;64221
0000652121;64225
0000669686;64227
0000659012;64229
0000668870;64231
0000661691;64233
0000658873;64299
0000657504;64303
0000656771;64335
0000195020;64779
0000120470;64921
0000604244;64929
0000658330;64931
0000261508;64933
0000666460;64935
0000666745;64937
0000662188;64939
0000661010;64941
0000661821;64943
0000658676;65461
0000658112;65465
0000658524;65491
0000669229;65727
0000669025;65729
0000656017;68083
0000661870;68085
0000656575;68087
0000657148;68089
0000668402;68095
0000668796;68099
0000658137;68107
0000661367;68115
0000079281;68119
0000428189;68121
0000661564;68123
0000660387;68129
0000666394;68143
0000669113;68145
0000669578;68147
0000667700;68151
0000659062;69127
0000604246;174925
0000669058;174926
0000661910;174928
0000652136;178167
0000659393;178215
0000669242;193279
0000258372;209648
0000669416;241513
0000792798;241547
0000652150;316642
0000661595;316957
0000090958;63831
0000214925;64081
0000083194;64083
0000082924;64085
0000083003;64087
0000102769;64095
0000084196;64097
0000083290;64099
0000082708;64101
0000082683;64103
0000082230;64107
0000087206;64117
0000082160;64121
0000083010;64123
0000090406;64125
0000098334;64129
0000152801;64133
0000098723;64135
0000090653;64137
0000098524;64139
0000105691;64141
0000082864;64143
0000093924;64145
0000082827;64149
0000098567;64151
0000091442;64153
0000098556;64155
0000103376;64157
0000082763;64159
0000083251;64161
0000094090;64163
0000082824;64165
0000098644;64167
0000102766;64169
0000091679;64173
0000090692;64175
0000094708;64177
0000095000;64179
0000079831;64181
0000079710;64183
0000090778;64185
0000086689;64187
0000090059;64189
0000099637;64191
0000079572;64193
0000099913;64195
0000079912;64197
0000079874;64199
0000081514;64201
0000081897;64203
0000103215;64205
0000089522;64207
0000089686;64209
0000089645;64211
0000089556;64213
0000080243;64317
0000082953;64953
0000090549;65069
0000083159;65357
0000082655;65361
0000098440;65363
0000208086;65367
0000102649;65369
0000089814;65371
0000099548;65373
0000089477;65375
0000087717;65377
0000094981;65379
0000098237;65381
0000102268;65383
0000092900;65469
0000102693;65505
0000082612;65561
0000098353;65623
0000080855;65625
0000082443;65627
0000098552;65629
0000243240;65631
0000081257;65633
0000083121;65635
0000092658;65653
0000086913;65669
0000080796;65733
0000081017;68155
0000084205;68157
0000088104;68159
0000091780;68161
0000092403;68163
0000092517;68165
0000094182;68167
0000091514;68171
0000107940;68179
0000094504;68183
0000080332;68185
0000100854;68187
0000098705;68191
0000083828;68193
0000101126;68197
0000101989;68201
0000103461;68205
0000084068;69029
0000084043;69057
0000083953;69065
0000080478;88281
0000082991;104934
0000084000;116893
0000082228;116895
0000082800;116897
0000086886;116899
0000086961;116901
0000149046;116903
0000086924;116905
0000089775;116907
0000089898;116909
0000094223;116913
0000238364;116915
0000098400;116917
0000098588;116919
0000098559;116921
0000099835;116925
0000103034;116927
0000102633;116929
0000102715;116931
0000090007;119761
0000625358;119763
0000082532;119765
0000082995;119769
0000210190;119771
0000091698;119775
0000161697;119777
0000098658;119781
0000099622;193116
0000079802;208821
0000102811;209658
0000082553;241717
0000544939;64257
0000705750;64995
0000549261;65003
0000546601;65005
0000067977;65129
0000046616;67211
0000620087;67509
0000543975;67809
0000547770;67811
0000543524;67813
0000545758;67839
0000545371;67847
0000544148;67851
0000547319;67855
0000548040;67861
0000548677;67869
0000544273;67873
0000261636;67883
0000550050;112414
0000544689;114690
0000545938;117033
0000602762;118359
0000543302;122983
0000544497;122985
0000549751;122987
0000547994;122991
0000543734;127728
0000546725;177267
0000344878;177268
0000543194;177269
0000127241;177270
0000247781;193641
0000548340;241542
0000338621;64497
0000779636;64503
0000730257;64961
0000781631;64965
0000569340;64973
0000781734;65075
0000289310;65183
0000173532;65673
0000779729;67871
0000779275;68211
0000157784;68227
0000782158;68235
0000787014;68237
0000780579;68243
0000779470;68257
0000792732;68267
0000037840;68269
0000781920;68273
0000781474;88277
0000778998;176943
0000381438;193506
0000792700;208820
0000787502;241623
0000255189;248308
0001079777;178082
0001079864;178101
0001079842;178102
0001082732;193476
0001079989;241571
0001081713;241639
0001080040;241644
0001088777;178083
0001085684;178088
0000419902;178091
0000218592;178092
0001086431;178095
0001088681;178105
0001079533;178107
0001079507;178108
0001092064;178109
0001080773;178110
0001079519;209169
0001091898;211416
0000183621;211939
0001085299;212563
0001083077;212564
0001090147;241570
0001088450;241572
0001079916;241573
0001081223;241638
0001077715;241699
0000037677;241700
0001081418;241701
0001089576;241704
0000359793;245981
0000176818;250279
0001089084;250281
0001081736;250417
0001081545;297919
0001086618;316139
0000106306;317695
0000209608;63121
0000217119;63167
0000219005;63187
0000210411;94964
0000212290;94966
0000211983;94970
0000212231;94974
0000213032;94978
0000190706;95008
0000212519;95023
0000214972;95029
0000215898;95037
0000215561;95039
0000208401;111380
0000208449;111382
0000209011;111384
0000209446;111386
0000212489;111388
0000214049;111390
0000218255;112416
0000219799;112418
0000211324;117011
0000213894;117013
0000215150;117015
0000218963;117019
0000217701;117021
0000218323;117023
0000209844;117025
0000215091;117027
0000215388;117029
0000209284;117031
0000213438;193813
0000209107;319848
0000214016;321787
0000174940;63645
0000513226;64895
0000160416;65107
0000525679;68343
0000516238;68347
0000514006;68349
0000524360;68351
0000517077;68357
0000519330;68359
0000356608;68363
0000525590;68365
0000517583;68371
0000513905;95044
0000525892;241703
0000135434;63911
0000140628;66183
0000143016;66211
0000140761;102718
0000078706;122464
0000138038;122574
0000141301;178517
0000140374;179933
0000170800;193884
0000139757;316215
0000735864;64697
0000038431;64719
0000752256;64733
0000854216;68917
0000854510;177087
0000853281;212587
0000853183;241549
0000853213;241620
0000853062;241792
0000850737;241806
0000853758;247436
0000653969;64253
0000670088;68149
0000666852;68425
0000667049;68431
0000067386;68439
0000667291;68441
0000667384;68449
0000667434;68457
0000670117;68465
0000669790;89641
0000669976;89653
0000670063;89659
0000667365;89668
0000666933;244399
0000328132;63559
0000328060;65509
0000329148;68373
0000327600;68375
0000325429;68377
0000326965;68379
0000329062;68381
0000327057;68385
0000327508;68387
0000324729;68389
0000328063;68395
0000329266;68397
0000325410;68401
0000328424;68403
0000328467;68405
0000329817;68409
0000326842;68413
0000329914;68419
0000330046;68421
0000327845;68995
0000326517;116100
0000326553;181191
0000249818;65239
0000050824;193503
0000468361;211435
0000468459;241654
0000272656;317127
0000222304;63441
0000285718;63443
0000229515;63447
0000222839;63449
0000228225;63451
0000256558;63455
0000193653;63457
0000222019;95052
0000223131;105214
0000358171;112420
0000190486;122858
0000221570;211650
0000224738;241684
0000225250;241685
0000240220;102690
0000232175;63393
0000235502;65995
0000244219;66029
0000250154;66045
0000231721;69147
0000240284;95033
0000238453;106353
0000242815;106993
0000239405;109034
0000248241;109860
0000234738;109862
0000239168;109864
0000242137;109866
0000243257;109868
0000248003;112231
0000242477;114857
0000245511;114864
0000126893;117142
0000243871;117144
0000245462;117146
0000248446;117150
0000250236;117152
0000236744;117154
0000233517;117156
0000242892;117158
0000244717;175771
0000233812;175772
0000246053;176895
0000235297;176987
0000235375;176988
0000236362;177085
0000264865;178396
0000240352;178525
0000232858;179941
0000246766;180237
0000240111;181179
0000232890;193828
0000233047;208732
0000240036;241622
0000240172;241871
0000248796;317352
0000047732;321126
0000664188;63489
0000663933;64255
0000662972;64351
0000662724;64355
0000206819;64923
0000652466;68427
0000663205;68429
0000216699;68433
0000663627;68437
0000663731;68443
0000663317;68445
0000667186;68447
0000664402;68453
0000665696;68455
0000664906;68459
0000666001;68461
0000665803;68463
0000613468;68469
0000562303;193852
0000664831;212568
0000663228;241545
0000986034;68515
0000986327;177006
0000165126;212104
0000423661;67615
0000424149;67623
0000424353;115781
0000424322;120389
0000423923;120719
0000423755;120721
0000423989;134094
0000424281;134108
0000424010;174678
0000423916;179496
0000423904;179497
0000423964;179500
0000424351;179501
0000390521;179742
0000424354;192931
0000259551;63155
0000255034;63241
0000252379;101397
0000256322;105078
0000254357;106515
0000253499;106604
0000263113;106949
0000258131;106951
0000256626;111669
0000258076;112315
0000257015;112384
0000256661;112408
0000258490;112410
0000251397;114415
0000260664;117294
0000255369;117785
0000257198;117789
0000254189;117799
0000262392;117803
0000254677;122562
0000258128;145155
0000262423;145157
0000258447;176925
0000257934;178170
0000210875;178362
0000209568;178414
0000261971;179456
0000262953;179934
0000702133;211941
0000262200;241612
0000257419;241613
0000804160;68551
0000808768;68553
0000808678;68577
0000811301;68593
0000805413;105131
0000811780;179743
0000243147;193854
0000799816;211478
0000806193;316644
0000608023;63949
0001013400;147717
0001013788;212090
0000080558;241567
0001011127;316193
0000775723;64401
0000767320;64903
0000770417;64907
0000775603;64919
0000776094;68613
0000768848;68617
0000772403;68629
0000773333;68635
0000775324;68637
0000767814;68649
0000769531;109525
0000775761;174694
0001064356;111710
0000257409;112331
0000227285;112339
0001068690;112341
0000187118;112343
0001069887;112345
0000246303;193620
0001064317;241529
0001066066;241650
0000749155;64243
0000183240;64245
0000204019;64247
0000733286;64249
0000734899;64695
0000190521;65695
0000204053;68667
0000909508;68677
0000200499;68679
0000742727;174713
0000742400;178293
0000730585;241514
0000730446;241531
0000733329;241532
0000730285;241631
0000733391;241632
0000730568;241633
0000733370;241634
0000065726;241635
0000732899;241636
0000066839;241694
0000039805;241695
0001035819;69081
0000201545;69097
0001032394;111700
0000077327;111706
0001038520;317375
0000642309;64607
0000645742;65011
0000643833;65013
0000647747;65225
0000647682;65477
0000640003;68699
0000647708;68701
0000640443;68703
0000640968;68705
0000642544;68707
0000643243;68713
0000644222;68717
0000643553;68719
0000647400;68721
0000645265;68723
0000644532;68725
0000644319;68727
0000645846;68729
0000647322;68733
0000646747;68735
0000650033;68737
0000649612;68741
0000650203;68743
0000649776;68745
0000648434;68895
0000640898;127726
0000648423;177002
0000646581;212076
0000645060;241540
0000646640;241601
0000620299;241858
0000119994;64615
0000861519;68793
0000873755;177271
0000870397;241673
0000350711;64897
0000034386;65429
0000350755;65543
0000350688;65655
0000344515;65657
0000350597;65659
0000350616;65661
0000350705;65689
0000274328;65691
0000339210;68813
0000338943;68815
0000344188;68817
0000349338;68819
0000352018;68821
0000039152;116098
0000351861;179914
0000175554;174751
0000920629;174752
0000920980;174753
0000923364;174754
0000921056;174755
0000925650;174756
0000463421;174757
0000924650;174758
0000925408;174759
0000922805;174760
0000690622;174761
0000923678;174762
0000925871;174763
0000924126;174764
0000925158;174765
0000923061;174766
0000928083;174767
0000921602;174768
0000116478;174771
0000923222;174772
0000929777;174773
0000922116;174774
0000920953;177685
0000921017;177686
0000920770;212161
0000469505;65563
0000470193;139249
0000470396;178397
0000475553;181190
0000244709;241543
0000469754;241603
0000469868;241886
0000470160;316958
0000790897;64403
0000339156;65063
0000794067;65109
0000782268;68207
0000786432;68229
0000788055;68241
0000780707;68247
0000789418;68251
0000790804;68259
0000368745;68261
0000361970;68265
0000176675;88255
0000780701;88275
0000793199;107887
0000794379;115754
0000683468;178367
0000326016;178368
0000794157;178559
0000794170;178564
0000794727;178565
0000794023;179457
0000194030;179460
0000788229;179461
0000794303;179462
0000786948;179464
0000794155;179465
0000794199;179466
0000791668;179467
0000794662;179468
0000789021;179469
0000210663;179470
0000794608;179471
0000788705;179472
0000794332;179473
0000794355;179474
0000789112;179475
0000793852;179476
0000788848;179477
0000267153;63579
0000273315;63581
0000277626;63583
0000269468;63663
0000266533;64333
0000277199;65347
0000265180;65479
0000264626;65739
0000264973;65741
0000338553;65743
0000268677;68831
0000264297;68833
0000267577;68835
0000271235;68841
0000268951;68863
0000264835;68865
0000268977;95063
0000211802;117180
0000266818;174775
0000264513;176950
0000041088;212503
0000268130;241564
0000264551;241675
0000454951;64329
0000412092;63189
0000402312;66653
0000405359;66681
0000410306;67429
0000414561;67435
0000415643;67437
0000414856;114237
0000422579;174676
0001060368;63415
0001062163;63419
0001069685;63421
0001061655;63431
0001062321;89972
0001059481;101471
0001062108;111708
0001068985;112319
0001069021;112321
0001066123;112325
0001066710;112327
0001069631;112329
0000727939;193864
0000109999;63191
0000111747;64537
0000726358;101093
0000223608;101099
0000649068;101101
0000946353;101104
0000531705;298993
0000779252;68277
0000988447;65857
0000237554;65859
0000350421;65867
0000214396;65871
0000991097;65873
0000996587;65877
0000990649;65879
0000995773;65881
0000352655;65891
0000997884;65893
0000995850;65897
0000999435;65899
0000990310;65901
0000610178;65911
0001002183;65913
0000989508;65915
0000994108;65917
0001004218;65927
0001004286;65931
0001005422;65935
0001005775;65937
0001006790;65939
0001006875;65941
0000347598;65943
0000995118;115888
0000676040;63273
0000673427;64821
0000672852;67893
0000672618;67901
0000673247;67903
0000674573;67909
0000684155;67911
0000692695;67919
0000993886;64069
0000992070;64241
0000041444;64543
0000992980;64545
0000992465;64549
0000989266;65861
0000993787;65865
0000995439;65875
0001002935;65919
0000501040;65921
0001004169;65923
0001003328;65925
0001004723;65929
0001040440;111156
0001044265;111160
0001044168;111162
0001039560;112778
0001041324;112795
0000726411;112797
0001042116;112799
0000035940;112801
0000195206;112803
0001043084;112807
0000193507;112809
0001039351;112811
0001044963;112813
0000976179;112815
0001038996;112817
0001041169;122850
0001043288;122852
0001042681;172722
0001040322;172724
0000029745;63909
0000126023;103839
0000878702;103540
0000882410;103542
0000886684;103546
0000881469;103556
0000893895;103558
0000878291;116935
0000888165;116937
0000878571;116939
0000283123;63383
0000279864;63387
0000279503;101426
0000280959;101443
0000521426;65201
0000525286;65205
0000514184;65945
0000514423;65951
0000523910;65953
0000515196;65955
0000524888;65957
0000520316;65963
0000521642;65965
0000522409;65971
0000514856;65975
0000514444;65983
0000515325;65987
0000515304;65989
0000522519;65991
0000520079;68961
0000313052;63133
0000314680;63575
0000312780;69149
0000313389;174782
0000429192;66075
0000430375;66089
0000428428;178233
0000296630;63307
0000826761;63483
0000834429;63491
0000249604;63517
0000814267;63519
0000834932;63629
0000175559;63811
0000157380;64059
0000834617;64325
0000824344;64339
0000059305;64379
0000814005;64645
0000819782;64647
0000823069;64649
0000835494;64653
0000830966;64655
0000814659;64659
0000819054;65195
0000830553;65553
0000835097;66219
0000824619;66221
0000815009;66225
0000814374;66233
0000818884;66235
0000834537;66237
0000826982;66239
0000822986;66241
0000815343;66245
0000834753;66247
0000821311;66251
0000822510;66255
0000821470;66261
0000814670;66263
0000831103;66267
0000818159;66269
0000819513;66275
0000832872;66281
0000822874;66289
0000835204;66293
0000814718;68959
0000818568;174717
0000819877;174718
0000833758;174719
0000814351;176442
0000129679;93025
0000625713;63231
0000625079;64389
0000626452;66323
0000875423;63233
0000045405;64399
0000893378;64417
0000894840;64419
0000888463;64421
0000877832;64425
0000875353;64427
0000881851;64433
0000880127;65501
0000215338;66337
0000889089;66339
0000893598;66341
0000894155;66345
0000894436;66347
0000879814;66349
0000890755;66351
0000887292;66353
0000879574;66355
0000880173;66357
0000879505;66359
0000894555;66361
0000893790;66363
0000895808;66365
0000879740;66367
0000888919;66369
0000879977;66371
0000879631;66373
0000878051;66375
0000880069;66377
0000895123;66379
0000246345;66381
0000881953;66383
0000881734;66385
0000058964;65073
0000355584;66491
0000361673;66497
0000356811;66503
0000056295;66509
0000356121;66513
0000356160;149790
0000149234;63111
0000154121;63145
0000148783;63151
0000461002;64957
0000474235;65261
0000474930;65267
0000457910;65279
0000466776;65283
0000467152;66077
0000456678;68039
0000449592;68047
0000465776;68065
0000449065;302567
0000448699;302568
0000175763;63493
0000238752;63535
0000943202;63539
0000161703;63541
0000942510;63543
0000055819;63773
0000948636;64377
0000554876;64455
0000690423;64459
0000943077;64471
0000930376;66515
0000931056;66519
0000041972;66521
0000940041;66525
0000270417;66527
0000595250;66529
0000941735;66531
0000838012;66533
0000943009;66535
0000935004;66537
0000943375;66539
0000940281;66541
0000940824;66543
0000945875;66547
0000948051;66549
0000942614;66553
0000934885;66555
0000947716;66557
0000947224;66559
0000949089;66561
0000948363;66563
0000946759;112370
0000124665;89620
0000589061;66581
0000590086;66585
0000596969;66615
0000160825;68829
0000161187;89536
0000160154;101404
0000167724;146072
0000400363;63321
0000418893;63323
0000422109;63325
0000416154;64239
0000388973;65293
0001092288;65299
0000408374;65541
0000407154;65681
0000423183;65683
0000408799;65749
0000396128;66639
0000388278;66641
0000391142;66651
0000424865;66655
0000417144;66661
0000407485;66675
0000403869;66697
0000341687;66701
0000391717;66707
0000389047;66711
0000425170;66719
0000388819;112306
0000406291;174724
0000406579;241578
0000898416;64285
0000916458;64449
0000911138;64453
0000897783;64495
0000915719;65587
0000249453;65719
0000900782;66731
0000916214;66735
0000898917;66737
0000899308;66743
0000904639;66745
0000897298;66751
0000900118;66755
0000915216;66759
0000900229;66767
0000898084;66769
0000901259;66771
0000903362;66775
0000362291;66779
0000900209;66783
0000917408;66785
0000917804;66787
0000918009;66789
0000901043;66793
0000899487;104648
0000914650;112374
0000070179;193321
0000700226;211211
0000700228;211212
0000839247;63237
0000842991;63795
0000847136;64603
0000842089;64605
0000841150;65597
0000127025;65641
0000843957;66811
0000844693;66815
0000844458;66821
0000845839;66823
0000169971;63691
0000169627;63913
0000169819;63915
0000178675;174715
0000975060;64621
0000763674;64745
0000867686;64763
0000866228;67777
0000862542;67787
0000747337;68659
0000865706;68751
0000866509;68753
0000869929;68803
0000873932;68805
0000760223;94925
0000864607;94962
0000996354;94980
0000866644;94996
0000869843;95017
0000866999;95054
0000857200;63297
0000861803;63301
0000868867;64643
0000763362;64729
0000863263;68673
0000861258;68687
0000864142;68749
0000857819;68763
0000869466;68773
0000858769;68775
0000860803;68781
0000864391;68789
0000872980;68797
0000759701;68799
0000028970;63627
0000754039;64025
0000031541;64043
0000038845;64045
0000029481;64047
0000370309;64049
0000073283;64925
0000033889;66851
0000029945;66863
0000245687;66877
0000035829;66879
0000032243;66913
0000032891;66919
0000028132;66921
0000029755;66943
0000030048;66949
0000030901;66957
0000030784;66965
0000031038;66979
0000030318;66987
0000034520;66993
0000031255;67005
0000031298;67033
0000034553;67035
0000031513;67043
0000206905;67089
0000031992;67111
0000031598;67145
0000031209;67155
0000031945;67163
0000033527;67179
0000185382;67187
0000077293;67207
0000060515;67227
0000033097;67233
0000053532;67249
0000077774;67267
0000034410;67273
0000031716;67275
0000032219;67279
0000241986;68903
0000047496;145139
0000038762;178354
0000035831;241537
0000079485;241658
0000079429;241840
0000037550;324755
0000353002;67289
0000354269;67291
0000353099;67295
0000354234;67299
0000354134;67313
0000353936;67323
0000245450;67339
0000353616;67345
0000353103;67351
0000353211;67355
0000354245;67357
0000354008;67371
0000354270;67373
0000353929;241550
0000354146;323675
0000569712;67409
0000504283;63641
0000504227;63643
0000506492;64515
0000505251;67987
0000504487;68003
0000505878;68005
0000505036;68013
0000506189;68019
0000505813;68023
0000507033;112396
0000507085;112398
0000288565;317802
0000518496;67427
0000524735;112400
0000730645;63251
0000731445;63783
0000751356;63889
0000731508;63891
0000747810;64709
0000734960;64723
0000765136;64725
0000749877;65519
0000751737;67449
0000743781;67451
0000757790;67453
0000764909;67455
0000749501;67459
0000069668;67461
0000261621;67463
0000682653;67465
0000751650;67467
0000692125;67469
0000763073;67471
0000736003;69041
0000849418;68905
0000849475;68913
0000850812;68927
0000851816;68939
0000852848;69051
0000193212;112027
0000603418;67473
0000603285;113605
0000822107;63255
0000830630;64349
0000832395;64665
0000831962;64667
0000827649;64669
0000832425;64673
0000831900;64675
0000832483;64677
0000101839;64679
0000832379;64681
0000831598;64683
0000822773;64685
0000821776;66217
0000818065;67515
0000827451;67517
0000823502;67519
0000827679;67521
0000816167;67523
0000815834;67525
0000816556;67531
0000817848;67535
0000817333;67537
0000822663;67541
0000832188;67545
0000831477;67547
0000819264;67551
0000832028;67553
0000817030;174727
0000816796;174728
0000817136;174729
0000830269;174730
0000818342;174731
0000944711;64475
0000804118;64477
0000944271;65473
0000946070;67557
0000946339;67565
0000932381;67567
0000944297;67573
0000155846;67575
0000939368;67577
0000946181;67579
0000932623;67581
0000933219;67585
0000944496;67589
0000976255;67591
0000933531;67593
0000944095;67595
0000946406;67597
0000946124;67599
0000946296;67601
0000397648;63259
0000389482;63261
0000420393;63265
0000398530;63511
0000393099;63777
0000392784;64061
0000390070;64289
0000397884;64297
0000409573;64361
0000073511;64835
0000419518;65221
0000391950;65319
0000393692;65321
0000409765;65323
0000390474;65325
0000397165;65327
0000420222;65329
0000420760;65331
0000390267;65585
0000409269;65599
0000420288;65707
0000409187;65751
0000392985;67609
0000409857;67621
0000390464;67625
0000393772;67627
0000419925;67631
0000393976;67633
0000419407;114488
0000390091;212110
0000196265;63477
0000733164;63485
0000218803;63523
0000955902;64343
0000960578;64559
0000961280;64561
0000963085;64565
0000752976;64567
0000959218;64573
0000246651;64575
0000958034;64579
0000755074;65709
0000951464;67635
0000951637;67637
0000954485;67639
0000953889;67641
0000957175;67643
0000962843;67645
0000962723;67649
0000953601;67653
0000248442;67657
0000951362;67659
0000963404;67661
0000964036;67663
0000964565;67665
0000955474;112402
0000956632;179881
0000108270;68921
0000108409;68937
0000108785;104910
0000108758;173342
0000108336;173344
0000109276;173346
0000108684;173351
0000108515;173353
0000108618;173355
0000743272;64703
0000762865;64721
0000693745;64775
0000738016;68657
0000758788;68689
0000974055;64581
0000569363;64585
0000974364;64915
0000975663;65531
0000967620;65615
0000966993;67667
0000967295;67671
0000247938;67675
0000968218;67677
0000969165;67679
0000183177;67681
0000977836;67685
0000971244;67689
0000036179;67695
0000971371;67697
0000972608;67707
0000976259;67713
0000976658;67717
0000977354;67723
0000977916;67725
0000974484;67731
0000419344;69071
0000974979;95035
0000187992;63671
0000188148;66173
0000716306;63479
0000711144;64767
0000721581;64769
0000722267;64771
0000724278;64773
0000714290;67737
0000228518;67741
0000725769;67743
0000721354;67749
0000722785;67751
0000217697;67753
0000255323;67755
0000715560;67757
0000711305;67759
0000718794;67761
0000719852;67763
0000713758;67765
0000716704;67767
0000720432;67769
0000716729;67771
0000728236;67773
0000374302;174689
0000711492;63267
0000711639;64053
0000724769;64055
0000844863;64057
0000718257;64755
0000096807;64757
0000724810;64759
0000225891;64761
0000760332;64765
0000724475;67775
0000714174;67781
0000713742;67783
0000726260;67785
0000726878;67789
0000713965;67793
0000711776;67795
0000718129;67797
0000711673;67799
0000415838;67801
0000718278;67805
0000716891;67807
0000697348;63277
0000385173;63437
0000687675;63501
0000693001;63809
0000687572;64789
0000688285;64791
0000688378;64793
0000249911;64797
0000682279;64801
0000686391;64803
0000125999;64805
0000679611;64809
0000692287;64811
0000696013;64815
0000694394;64817
0000696076;64819
0000685562;64825
0000678294;67895
0000679772;67897
0000673564;67905
0000688357;67907
0000677685;67913
0000675770;67915
0000675089;67917
0000684819;67921
0000686658;67925
0000686970;67927
0000676868;67935
0000674269;104891
0000682762;106511
0000688602;114404
0000330670;65273
0000330054;67949
0000962670;64461
0000939350;64463
0000939293;64469
0000938741;66517
0000941961;66523
0000937073;66545
0000942197;66551
0000939121;67563
0000931387;67569
0000941047;67571
0000344611;67583
0000945294;111475
0000942734;111477
0000203368;111479
0000944176;111481
0000945383;111483
0000944858;111485
0000944965;111487
0000079900;111489
0000944736;112225
0000944936;146024
0000363367;66001
0000064344;250280
0000512975;63279
0000511224;63281
0000521207;63283
0000517981;63513
0000519723;65215
0000513535;65639
0000522655;67991
0000522848;67993
0000510802;67995
0000511641;67997
0000511767;67999
0000512841;68001
0000523032;68009
0000518304;68011
0000523073;68015
0000520677;88295
0000512475;193833
0000471963;63505
0000455619;63659
0000407996;63667
0000455674;64277
0000471372;64517
0000453270;64539
0000459532;65247
0000475673;65251
0000471123;65257
0000467924;65521
0000460202;65559
0000472347;65621
0000054048;65671
0000467851;65753
0000462023;65759
0000454629;68033
0000460331;68053
0000462142;68055
0000472995;68069
0000454309;68071
0000467692;68079
0000052974;68985
0000456094;69047
0000448252;174675
0000276711;110846
0000198812;94998
0000225888;63877
0000655808;64217
0000046850;68081
0000655390;68105
0000652099;68111
0000653526;68125
0000654215;68133
0000654373;68137
0000653294;68153
0000106822;64089
0000071391;64091
0000107121;64093
0000080033;64109
0000186946;64111
0000107092;64113
0000106578;64115
0000106909;64127
0000106681;64131
0000124321;64171
0000106381;64959
0000106319;65359
0000106808;65365
0000106005;65557
0000273996;65647
0000100129;65651
0000106163;68169
0000064338;68173
0000105827;68175
0000106976;68181
0000107443;68189
0000107253;68195
0000080592;68199
0000107755;174687
0001079557;147581
0001093601;178084
0001093997;178526
0000174340;193348
0001093687;241771
0001080138;178078
0001086293;178079
0001077937;178080
0001083955;178087
0001085242;178090
0000195936;178093
0001086936;178094
0000341116;178096
0001078098;178097
0001078209;178098
0000360143;178099
0001094576;178100
0001083211;178104
0001082858;178159
0001080300;178160
0001082428;178161
0001077414;178162
0001080784;178163
0001076704;178393
0001083233;208750
0000207368;94972
0000395713;64523
0000395765;64837
0000395781;65059
0000395443;65223
0000395251;65755
0000177342;68295
0000395908;68303
0000177163;68307
0000395956;68337
0000524032;63329
0000524520;63779
0000516518;65203
0000516412;65467
0000522166;65679
0000525975;68353
0000517419;68355
0000526066;68361
0000522250;68367
0000517636;68369
0000517885;69049
0000753712;63847
0000040251;63849
0000061523;63851
0000753420;63853
0000754255;63855
0000734403;64467
0000744619;64705
0000756019;64715
0000741025;64727
0000918842;64731
0000756667;64747
0000731749;67745
0000748406;68671
0000753812;68675
0000854416;68907
0000851198;68909
0000849329;68915
0000849826;68919
0000854240;68925
0000853088;68929
0000849631;68931
0000901583;69017
0000854324;69055
0000850082;102885
0000853272;105016
0000850959;247402
0000325321;68415
0000326360;68423
0000469067;63565
0000465183;65243
0000464438;65249
0000468199;90217
0000468078;90220
0000221033;63285
0000219991;63901
0000220054;63905
0000222643;63907
0000220921;67849
0000240724;63137
0000232488;66009
0000043439;66927
0000231903;69145
0000652153;68435
0000985769;64353
0000723719;64411
0000979516;64413
0000275003;65103
0000216339;65551
0000059120;65715
0000980645;68471
0000981138;68473
0000982423;68481
0000980942;68483
0000981804;68487
0000982171;68489
0000127100;68491
0000982589;68495
0000078398;68497
0000984966;68499
0000985775;68505
0000164043;68507
0000983172;68509
0000238792;68511
0000984211;68517
0000592691;68519
0000983596;68521
0000980474;68523
0000980005;68525
0000986013;68527
0000983684;68529
0000162724;68531
0000982982;68533
0000204204;68535
0000982357;68537
0000979646;69039
0000984695;174708
0000423670;63503
0000398734;66635
0000281937;66691
0000254589;66699
0000399113;66721
0000389920;67605
0000423641;67607
0000423573;67617
0000423828;68281
0000212540;68291
0000395820;68293
0000424288;68301
0000395337;68305
0000395248;68311
0000395418;68319
0000423808;68323
0000424263;68335
0000399419;114836
0000424301;114840
0000155159;114842
0000424193;115777
0000424079;115779
0000423859;115783
0000258908;63149
0000251693;117292
0000802399;63287
0000800471;63549
0000800324;64597
0000114271;64601
0000799594;65711
0000128633;65713
0000802897;68541
0000803068;68543
0000803693;68545
0000807467;68555
0000805709;68557
0000804782;68561
0000805050;68563
0000806077;68565
0000806420;68567
0000582177;68569
0000799188;68571
0000807660;68575
0000807283;68579
0000799883;68581
0000249712;68587
0000810790;68595
0000796334;68597
0000359190;68599
0000811030;68601
0000810016;68603
0000811474;68605
0000041869;105195
0001014651;63933
0001013311;63935
0001010068;63937
0001010550;63939
0001010271;63941
0001012497;63943
0001015822;63945
0001009833;63947
0001011410;63951
0001014290;63953
0000184803;63955
0001012687;63957
0001013940;63959
0001011852;63961
0001012095;63963
0001011767;64261
0001010504;122144
0000766962;63289
0000767276;68633
0001061168;63427
0001059555;63429
0000865135;111712
0001067100;112333
0001069270;112335
0001068335;112337
0001068587;112348
0001068256;112350
0001065005;112352
0000761450;64465
0000942457;64689
0000042747;64691
0000752805;64693
0000750429;64699
0000193677;64701
0000739280;64707
0000756490;64713
0000749271;64735
0000730587;65489
0000041215;65533
0000371668;65549
0000730455;65697
0000724113;65721
0000741808;68661
0000052325;68663
0000764376;68665
0000746840;68669
0000734221;68683
0000756183;68693
0000042447;68697
0000747276;68941
0000747684;69037
0001033982;69085
0001031473;69087
0001038002;111704
0001030770;113555
0001031316;113568
0001031578;130962
0000638992;68709
0000583499;68715
0000152294;68731
0000639777;68739
0000871763;63497
0000867351;63545
0000864959;64079
0000869065;64327
0000338492;64369
0000871279;64611
0000870788;64613
0000683679;64617
0000860943;64619
0000360486;64623
0000873422;64625
0000868973;64637
0000481903;65617
0000874705;68755
0000870848;68757
0000867084;68759
0000865317;68761
0000857973;68765
0000875070;68767
0000871020;68771
0000868414;68777
0000262143;68779
0000874332;68783
0000842059;68787
0000872690;68795
0000066653;68801
0000686562;68807
0000244715;68809
0000861371;68811
0000682028;94983
0000930023;106959
0000920398;106975
0000926894;106977
0000926881;106979
0000923468;106981
0000929206;106983
0000928361;106985
0000925249;106989
0000923257;112424
0000924580;112426
0000928801;112428
0000925320;114919
0000922642;114921
0000922855;114923
0000922443;114925
0000922410;114927
0000922249;114929
0000923706;114931
0000924357;174685
0000927652;174747
0000927132;174769
0000758197;179680
0000450064;63311
0000460746;65077
0000463878;65255
0000120783;65263
0000476678;65265
0000470443;65269
0000447903;68041
0000463433;68059
0000450563;68067
0000473473;68073
0000265488;63577
0000455374;-297982
0000555954;-124136
0000390533;-478
0001059774;-109274
0000110423;-485
0000477579;-494
0000779024;-117363
0000986698;-501
0000133095;-458
0000672223;-116162
0000988597;-107927
0001038676;-112568
0000297194;-123248
0000877165;-102895
0000278519;-95516
0000514992;-511
0000377795;-470
0001058581;-465
0000312126;-147316
0000426112;-496
0000428505;-62409
0000336617;-507
0000293598;-466
0000601813;-113000
0000812044;-473
0000563727;-129367
0000121319;-92885
0000624093;-480
0000876108;-505
0000576828;-121030
0000550426;-484
0000354349;-510
0000147475;-134714
0000820909;-118477
0000449174;-299317
0000933560;-476
0000126194;-325359
0000583577;-441
0000159128;-88520
0000386590;-447
0000896058;-503
0000699956;-143794
0000838330;-491
0000168097;-459
0000177609;-469
0000859112;-89229
0000859860;-119191
0000073738;-446
0000352775;-513
0000552670;-472
0000503664;-486
0000511909;-448
0000731078;-489
0000851407;-111811
0000570396;-500
0000600317;-58740
0000820178;-504
0000935761;-506
0000392023;-450
0000949228;-461
0000639929;-121585
0000109057;-149136
0000730683;-300594
0000965067;-509
0000187229;-460
0000709964;-471
0000712711;-499
0000697597;-451
0000670178;-477
0000330194;-464
0000937362;-110307
0000362683;-147798
0000512213;-479
0000308336;-118146
0000445112;-452
0000275366;-109615
0000197740;-240722
0000732058;-116164
0000650509;-481
0000103664;-463
0000542813;-104279
0000776525;-502
0001092542;-177749
0000110182;-58685
0001078295;-208301
0000207393;-94539
0000394020;-508
0000509929;-456
0000133821;-103313
0000733783;-495
0000850493;-512
0000654543;-62245
0000324400;-474
0000452430;-60573
0000220223;-468
0000230626;-175508
0000652587;-475
0000978720;-490
0000424382;-107258
0000250453;-144716
0000794760;-482
0001007773;-497
0000765566;-453
0001062472;-248748
0000728734;-454
0001029043;-514
0000638402;-487
0000854968;-455
0000336376;-488
0000919483;-498
0000451237;-60095
0000780892;-115510
0000263227;-483
0001070430;-559744
0001019171;601723
0001019570;601726
0001018657;587941
0001020844;587955
0001018009;587961
0001019687;587981
0000575720;334834
0000118480;121248
0000118911;121252
0000118813;63209
0000118365;63211
0000118793;63215
0000118452;65779
0000118428;65781
0000736961;866564
0000786039;68101
0000783833;64967
0000138494;63769
0000673103;241670
0000614939;65091
0000620528;65095
0000610236;64363
0000615219;65149
0000622623;65159
0000614575;122860
0000310767;66203
0000304659;122592
0000886555;247401
0000282884;101417
0000281439;101433
0000282923;101435
0000283207;101460
0000279341;63371
0000287602;63373
0000286314;63377
0000290056;121270
0000386316;66051
0000380346;68885
0000377754;68889
0000384329;65425
0000379733;66011
0000381226;66015
0000315820;117650
0000433140;66065
0000441057;66083
0000431036;65185
0000430789;65187
0000430026;426057
0000441694;65163
0000352231;65663
0000310338;65333
0000309450;65345
0000306226;66197
0000305575;122596
0000610960;65051
0000610875;65603
0000610800;65145
0000618168;65155
0000771765;68627
0000771696;64917
0000826038;66231
0000818991;367345
0000830936;194552
0000891060;177009
0000890921;64439
0000580688;338877
0000151804;212095
0000476404;241669
0000055977;64041
0000045508;119872
0000043855;63813
0000045653;66907
0000043819;241503
0000043609;208761
0000039866;66955
0000043527;63637
0000036456;67237
0000071472;245961
0000043263;145143
0000043629;145145
0001032065;814858
0001034618;814843
0000704516;128174
0000848623;850332
0000844203;66813
0000171000;63683
0000170343;63697
0000174022;63719
0000175024;63721
0000177027;63723
0000866589;95013
0000067534;67073
0000072278;67079
0000044215;67087
0000037424;67091
0000054414;67095
0000050286;64039
0000053868;66859
0000047076;119874
0000066833;67157
0000037160;66905
0000072357;67169
0000049144;65401
0000063870;68991
0000064947;65415
0000069932;66953
0000069861;65419
0000070812;65421
0000061707;67221
0000037306;66967
0000059597;66969
0000072660;67229
0000036859;118694
0000057266;105133
0000043036;118702
0000057098;67045
0000065561;67069
0000315898;117648
0000607083;65043
0000613500;65053
0000605082;241712
0000623706;65085
0000608735;64323
0000619275;65123
0000606900;65143
0000609072;67479
0000605850;67481
0000390528;917918
0000390144;917928
0000423393;1032619
0000416798;901092
0000960162;64563
0000955957;67655
0000958669;64593
0000758702;419009
0000737907;64751
0000758524;419063
0000261729;69131
0000704573;67859
0000705872;67863
0000708386;67889
0000703541;64985
0000699673;67815
0000702884;67831
0000709182;67833
0000679968;64795
0000367417;241674
0000365054;64269
0000364787;136227
0000373732;64357
0000365822;65433
0000375696;65439
0000372261;65441
0000366465;65447
0000374547;178121
0000368908;367320
0000300476;65341
0000297736;122582
0000270325;377207
0000270251;783995
0000270109;642551
0000201723;174746
0000200205;117674
0000202240;117676
0000204270;117682
0000205550;117684
0000205795;117686
0000201180;117690
0000203949;112382
0000087933;252250
0000086967;367340
0000546746;67841
0000550382;67853
0000550315;67887
0000546078;67891
0000783062;68213
0000788390;68245
0000789234;68253
0000791914;68263
0000781579;64963
0000850851;587978
0000225371;65571
0000223865;65579
0000230555;67885
0000230280;65583
0000228960;101452
0000222381;63439
0000240339;367336
0000257546;112394
0000252620;117783
0000255831;117787
0000257510;117793
0000259887;117795
0000253728;117797
0000256252;117801
0000256868;241766
0000252600;117694
0001009100;1018419
0000767421;68619
0000769136;68621
0000770151;68625
0000773941;68639
0000774401;68643
0000775446;68651
0000773284;64889
0000773315;64901
0000769320;64909
0000776012;65523
0000868636;367339
0000352157;68823
0000056738;65405
0000793055;115762
0000785733;68225
0000793874;68249
0000790375;68255
0000794404;178128
0001071528;1548842
0001072587;1548843
0000264387;64397
0000273252;117178
0000264397;68837
0000270810;68847
0000271717;68859
0000273273;68861
0001020628;601727
0001016954;587916
0001019116;587938
0001018919;587947
0001019964;131011
0001017667;104646
0001028158;866675
0000672949;67937
0001041017;112805
0000886918;103550
0000509626;67989
0000509019;65233
0000830202;64375
0000830884;64657
0000830773;64661
0000826262;65705
0000825273;66223
0000824916;66227
0000832511;66277
0000815272;66283
0000837883;66295
0000883873;64415
0000892118;64423
0000886137;64429
0000882811;64431
0000882686;64435
0000890934;64437
0000891003;64441
0000893930;64445
0000456648;65289
0000474610;65291
0000045978;241615
0001037167;814873
0000848507;66831
0000869398;64639
0000863932;64641
0000831772;64671
0000823564;64687
0000959550;64569
0000961488;64571
0000957276;67647
0000952557;64577
0000957753;67651
0000970195;64583
0000967449;67669
0000967907;67673
0000969609;67683
0000969912;67687
0000970693;67691
0000971015;67693
0000972921;67701
0000972707;67703
0000974507;67705
0000974795;67709
0000975861;67711
0000975443;67715
0000976370;67721
0000978049;67729
0000978451;67733
0000684770;64823
0000691726;67931
0000997095;65889
0000991690;131017
0000990874;131019
0000798686;68547
0000798786;68549
0000798950;68559
0001033318;111702
0001031875;113565
0001033040;69083
0001033696;69093
0001037802;69095
0000874581;64635
0000874627;68769
0000874952;68785
0000475183;65253
0001073687;144679
0001071439;1548030
0001015988;-584988
0000617383;-401753
0000507473;-1730140
0000057228;-1229210
0000032273;-1631292
0001047550;-1355401
0001045744;-1612701
