SMILE_BIGGRIN;Широка посмішка
SMILE_SMILE;З посмішкою
SMILE_SAD;Сумно
SMILE_EEK;Здивовано
SMILE_COOL;Чудово
SMILE_KISS;Поцілунок
SMILE_REDFACE;Збентежений
SMILE_CRY;Дуже сумно
SMILE_EVIL;Зі злістю
SMILE_WINK;Жартівливо
SMILE_EXCLAIM;Вигук
SMILE_QUESTION;Питання
SMILE_IDEA;Ідея
SMILE_NEUTRAL;Скептично
SMILE_CONFUSE;Зніяковіло
SMILE_LIKE;Подобається
SMILE_FACEPALM;Розчарування
