SMILE_BIGGRIN;Широкая улыбка
SMILE_SMILE;С улыбкой
SMILE_SAD;Печально
SMILE_EEK;Удивленно
SMILE_COOL;Здорово
SMILE_KISS;Поцелуй
SMILE_REDFACE;Смущенный
SMILE_CRY;Очень грустно
SMILE_EVIL;Со злостью
SMILE_WINK;Шутливо
SMILE_EXCLAIM;Восклицание
SMILE_QUESTION;Вопрос
SMILE_IDEA;Идея
SMILE_NEUTRAL;Скептически
SMILE_CONFUSE;Смущенно
SMILE_LIKE;Нравится
SMILE_FACEPALM;Разочарование